|   plus  |  minus  |         a      |        b       |        c       |    crpix1    |    crpix2    |   xmin   |   xmax   |   ymin   |   ymax   |   xcenter   |   ycenter   |    npixel   |      rms       |      boxx      |      boxy      |    boxwidth    |   boxheight    |     boxang     |
         0        17      5.32950e-04     -4.87691e-04     -3.29052e+01       -2075.00        3600.50       2075       2160      -3600      -3460       2117.82      -3529.82          9106      7.45172e-01           2117.4          -3530.8            140.7             84.5            -90.9 
         0        49      2.05674e-03      6.43973e-04     -3.79297e-01       -1656.00        3529.50       1656       1736      -3529      -3232       1695.36      -3380.87         16128      6.97797e-01           1696.1          -3381.1            296.7             77.3            -90.7 
         0        52      1.00571e-02      1.79708e-03     -2.91341e+01       -1655.00        3600.50       1655       1721      -3600      -3451       1688.25      -3528.92          7416      7.96844e-01           1688.2          -3526.0            149.8             65.5            -90.7 
         0       101     -1.77494e-03      2.38271e-03     -1.82292e+01       -2077.00        3514.50       2077       2164      -3514      -3239       2120.74      -3378.59         17512      7.10141e-01           2120.1          -3377.1            274.9             84.1            -90.9 
         0       113      6.65288e-03      2.15607e-04     -3.09230e+01       -1656.00        3505.50       1656       1724      -3505      -3232       1690.79      -3366.14         12932      7.54605e-01           1690.4          -3368.9            272.4             64.6             89.1 
         0       158      1.37504e-04     -1.34882e-04     -2.81887e+01       -1660.00        3313.50       1660       2159      -3313      -3232       1909.84      -3273.17         27599      7.41954e-01           1909.2          -3273.0            499.0             73.7            179.0 
         0       171     -3.20626e-04     -6.25938e-04     -2.94152e+01       -1655.00        3600.50       1655       2158      -3600      -3252       1906.26      -3427.91        129802      7.28362e-01           1906.6          -3430.1            348.9            499.0             89.1 
         0       179      6.88970e-03     -2.80891e-04     -1.16346e+01       -1655.00        3600.50       1655       1733      -3600      -3475       1693.94      -3538.55          6864      6.84960e-01           1694.0          -3538.2            125.6             77.5            -90.7 
         1        15      4.79497e-04     -4.94630e-05      2.20643e+00        1819.00        -828.50      -1819      -1678        828       1655      -1748.49       1247.77         83676      6.85966e-01          -1750.1           1242.2            131.5            826.2              0.9 
         1        24     -1.38137e-10      5.44298e-11      1.04456e+00        2179.00        -624.50      -2179      -1675        624        685      -1927.16        655.27         26965      3.48664e-06          -1926.9            655.3            504.0             54.0              0.9 
         1        55     -9.97180e-11     -4.82482e-10     -2.17401e-01        2195.00       -1594.50      -2195      -1691       1594       1655      -1942.69       1625.22         26967      3.36582e-06          -1942.6           1625.2            504.0             54.0           -179.1 
         1       100     -2.04000e-03     -9.78564e-04     -7.85549e-01        1810.00        -630.50      -1809      -1675        630        883      -1741.85        756.52         25854      6.90154e-01          -1742.6            757.3            252.1            132.2            -89.1 
         1       103      2.72474e-03     -8.10088e-04      9.75363e+00        2195.00        -821.50      -2195      -2062        821       1649      -2128.30       1232.27         77042      6.74248e-01          -2129.8           1235.7            119.6            827.2           -178.9 
         1       124     -6.60652e-04      1.03468e-03      5.51110e-01        2182.00        -624.50      -2182      -2059        624        876      -2120.42        748.56         23808      6.66458e-01          -2120.4            750.7            251.1            120.2             90.9 
         2        27      1.68020e-04      5.14448e-04      3.79650e+00        1794.00        2341.50      -1794      -1719      -2341      -1515      -1757.47      -1932.10         42157      7.77573e-01          -1756.5          -1928.8            826.2             66.1             90.7 
         2        47     -2.32667e-04      7.81993e-04      2.15978e+01        1354.00        2336.50      -1354      -1280      -2336      -1528      -1317.77      -1939.47         42214      7.29626e-01          -1317.9          -1932.2            808.2             67.1             90.7 
         2       107     -2.22068e-10     -1.30743e-09     -1.38592e+00        1785.00        2341.50      -1785      -1280      -2341      -2282      -1532.11      -2312.07         27151      6.51657e-06          -1532.4          -2312.1            504.8             54.0           -179.3 
         2       123     -3.75572e-04      3.70127e-04      1.94065e+01        1356.00        1581.50      -1356      -1290      -1581      -1312      -1323.26      -1445.34         13643      7.11000e-01          -1323.2          -1447.1            269.6             64.6             90.6 
         2       125     -5.42315e-10      1.45884e-09      1.11492e+00        1796.00        1371.50      -1796      -1293      -1371      -1312      -1544.09      -1342.08         27069      7.21250e-06          -1544.5          -1342.0            503.7             54.0              0.7 
         2       136      3.00625e-03      2.29697e-03      1.08898e+01        1796.00        1569.50      -1796      -1731      -1569      -1317      -1764.64      -1443.31         12360      7.71098e-01          -1764.2          -1443.9            251.8             62.5            -89.1 
         2       137     -1.80047e-03     -7.36471e-05      1.65944e+01        1363.00        1561.50      -1363      -1290      -1561      -1312      -1326.82      -1436.93         14132      7.56898e-01          -1327.2          -1436.9            249.2             72.1            -89.3 
         2       140     -1.27786e-03      1.00969e-03      1.96207e+01        1362.00        2336.50      -1362      -1280      -2336      -1507      -1321.93      -1928.53         48356      7.61655e-01          -1322.3          -1921.9            828.9             74.7            -89.3 
         3        21     -1.83317e-03      7.10773e-03     -1.89186e+01        -864.00       -3549.50        864        979       3549       3597        923.14       3574.35          4263      7.31189e-01            921.5           3573.5             48.0            115.0             90.0 
         3        71      5.53929e-05     -1.91452e-04     -4.01172e+00       -1246.00       -3545.50       1246       1368       3545       3597       1307.54       3572.29          4849      7.16407e-01           1307.0           3571.5             52.0            122.0             90.0 
         3       178     -1.67405e-18     -3.02133e-16      1.34026e-01        -864.00       -3545.50        864       1368       3545       3597       1119.12       3572.76         23835      4.39229e-15           1116.0           3571.5             52.0            504.0             90.0 
         4        13      3.69370e-02      5.59166e-02     -1.86570e+02       -2740.00       -1578.50       2740       2870       1578       1833       2796.33       1670.31         17156      1.23030e+00           2806.7           1705.7            127.6            252.6             -1.4 
         4        26     -2.10669e-02      4.22370e-03      5.57230e+01       -3126.00       -1570.50       3126       3251       1570       1823       3188.78       1696.11         23332      7.99231e-01           3188.1           1697.3            250.9            119.8            -91.4 
         4        68      3.46618e-03      6.30436e-05     -1.81005e+00       -2723.00        -807.50       2723       2868        807       1634       2795.04       1208.59         80532      8.02661e-01           2795.4           1220.8            825.7            129.0            -91.2 
         4        77     -1.32207e-10     -2.39120e-09      1.86066e+00       -2723.00        -797.50       2723       3227        797        863       2974.91        830.54         27108      7.08941e-06           2974.7            830.6            504.1             54.0            178.6 
         4       167     -4.19292e-03     -8.36895e-04      1.08121e+01       -3105.00        -797.50       3105       3246        797       1627       3176.00       1211.74         77167      7.77237e-01           3175.4           1212.6            827.6            121.4            -91.4 
         5        23     -1.14055e-02      1.15593e-03     -4.92588e-01        -373.00        1555.50        373        448      -1555      -1305        411.18      -1429.10         14914      7.96007e-01            410.5          -1430.5            250.4             74.1            -90.3 
         5        44     -3.47012e-04     -8.21348e-05      8.84493e+00          54.00        2305.50        -54        448      -2305      -1304        197.34      -1810.39        389440      7.11566e-01            196.8          -1805.2           1001.4            501.0             89.9 
         5        51     -2.14161e-03      5.40283e-05      1.16241e+01          58.00        2327.50        -58         20      -2327      -1521        -18.92      -1928.95         48613      6.89704e-01            -19.0          -1924.5            806.0             78.0             90.0 
         5        88     -6.82974e-04      1.10702e-04      2.42710e+00          58.00        2327.50        -58         10      -2327      -1501        -23.50      -1918.55         44732      7.24096e-01            -24.4          -1914.5            826.1             68.0            -89.9 
         5       126     -4.68018e-04     -1.14193e-03      7.46512e+00          53.00        2328.50        -53        446      -2328      -2251        199.12      -2290.54         29534      6.92641e-01            196.5          -2290.3            499.2             76.6             -0.1 
         5       142     -4.79455e-03     -1.99789e-04      1.04722e+01        -382.00        2328.50        382        447      -2328      -1523        414.84      -1943.31         39393      8.19276e-01            414.7          -1926.0            805.1             64.4            -90.1 
         5       146     -3.68841e-03      5.18310e-04     -3.40993e+00        -369.00        2328.50        369        447      -2328      -1502        408.96      -1920.47         50095      7.81504e-01            408.4          -1915.5            826.2             77.1            -90.1 
         5       157     -1.53283e-02     -1.95783e-05      1.35412e+01        -386.00        1576.50        386        448      -1576      -1305        416.73      -1440.04         12876      8.00713e-01            417.0          -1441.0            271.2             61.2             89.8 
         5       164      3.72906e-19      1.63389e-16      1.20808e+00          57.00        2328.50        -57        446      -2328      -2274        193.95      -2301.63         26050      2.54803e-15            194.5          -2301.5             54.0            503.0             90.0 
         5       183      2.34170e-03     -4.20538e-04      9.36318e+00          57.00        1575.50        -57         19      -1575      -1304        -19.09      -1442.22         15619      7.42786e-01            -19.0          -1440.0            271.0             76.0             90.0 
         5       185     -1.08361e-03     -2.22804e-03      4.82381e+00          52.00        1335.50        -52        448      -1335      -1304        203.75      -1320.45         11761      7.58016e-01            198.0          -1320.0             31.0            500.0             90.0 
         5       189     -2.99103e-10      1.18505e-09     -1.88299e+00          56.00        1358.50        -56        448      -1358      -1304        196.40      -1331.49         27116      6.68168e-06            196.0          -1331.5             54.0            504.0             90.0 
         5       195      1.18820e-03      4.87319e-05      2.79702e-01          57.00        1554.50        -57          8      -1554      -1304        -23.77      -1432.65         12835      7.57835e-01            -24.5          -1429.5            250.0             65.0             90.0 
         6        17     -3.29414e-03      5.35674e-06     -5.68231e+01       -2517.00        3600.50       2517       2581      -3600      -3469       2548.03      -3535.90          6245      7.19084e-01           2548.9          -3535.3            131.6             62.3            -91.2 
         6       101     -3.77384e-03      2.07772e-03     -4.85876e+01       -2519.00        3523.50       2519       2581      -3523      -3469       2549.19      -3496.75          2629      7.71066e-01           2549.8          -3496.4             62.0             53.7            178.6 
         6       134      1.47918e-03      1.55999e-03     -2.64864e+00       -2944.00        3600.50       2944       3023      -3600      -3479       2983.05      -3540.37          6905      7.26812e-01           2983.7          -3540.7             76.6            121.5             -1.4 
         6       198      2.44904e-10      1.34544e-09      3.42135e-01       -2519.00        3534.50       2519       3023      -3534      -3469       2770.87      -3501.82         27142      3.28362e-06           2770.8          -3501.8            504.1             54.0            178.6 
         7        33      3.19724e-11      3.10638e-10     -8.14840e-01       -1606.00       -1594.50       1606       2109       1594       1654       1858.06       1624.47         26515      3.64310e-06           1857.5           1624.5            503.8             54.0             -0.9 
         7        59     -1.32385e-03      7.03193e-05      2.15595e+00       -1606.00       -1599.50       1606       1729       1599       1853       1667.24       1727.83         24851      6.81596e-01           1667.6           1726.8            253.2            121.6            -90.7 
         7        82     -1.22159e-04      1.98671e-05     -5.68421e+00       -1983.00       -1594.50       1983       2112       1594       1848       2046.97       1720.21         25536      7.36302e-01           2047.6           1721.2            126.9            253.1            179.1 
         7       161     -1.85136e-04     -2.53155e-04      1.94043e+00       -1609.00       -1799.50       1609       1739       1799       2624       1674.48       2210.05         77862      6.96684e-01           1673.4           2211.9            825.1            121.8            -90.7 
         7       186      5.81420e-04     -8.23917e-04     -5.14810e+00       -1986.00       -1792.50       1986       2124       1792       2619       2055.82       2207.13         82162      6.96965e-01           2055.5           2206.1            825.3            126.2             89.1 
         7       210      1.10270e-10      2.87998e-09      4.48271e-01       -1620.00       -2564.50       1620       2124       2564       2624       1871.87       2594.58         26370      3.38759e-06           1872.1           2594.5            504.1             54.0             -0.9 
         8        69     -7.04211e-04     -2.89294e-04     -2.54536e+01        1335.00        3600.50      -1335      -1264      -3600      -3468      -1298.89      -3535.94          7060      6.75735e-01          -1299.5          -3534.5            132.0             71.0             90.0 
         8        80      1.39876e-03     -7.81657e-04     -4.57461e+00         912.00        3600.50       -912       -831      -3600      -3464       -871.36      -3531.83          8189      6.70081e-01           -871.5          -3532.5            136.8             80.4            -89.4 
         8        87     -2.24028e-04      2.96739e-05     -3.48793e+00        1335.00        3600.50      -1335       -839      -3600      -3464      -1086.30      -3533.31         51019      7.02359e-01          -1087.0          -3532.5            136.0            496.0             90.0 
         8       110      1.15797e-04     -2.60744e-03     -1.20067e+01        1335.00        3501.50      -1335       -840      -3501      -3464      -1087.43      -3483.29         12598      7.10238e-01          -1087.5          -3482.9            495.3             33.5           -179.5 
         8       155      8.09407e-10     -9.98004e-09     -7.42615e-01        1335.00        3522.50      -1335       -832      -3522      -3464      -1081.98      -3493.42         25963      3.78421e-06          -1083.5          -3493.2            503.5             54.0           -179.4 
         8       194      2.43430e-03     -2.08257e-03     -9.37750e+00         913.00        3600.50       -913       -831      -3600      -3464       -872.34      -3532.37          8464      7.47276e-01           -872.0          -3532.5            136.0             82.0             90.0 
         9        23     -5.24636e-03      7.95618e-04      2.60088e+00        -815.00        1359.50        815        883      -1359       -534        849.51       -953.30         40275      7.90753e-01            849.0           -947.0            825.3             64.4            -90.3 
         9        39     -2.29224e-03     -2.41796e-03      2.99653e+01        -817.00        1101.50        817        955      -1101       -531        886.63       -820.11         59816      7.47110e-01            887.2           -817.0            569.9            135.9             89.5 
         9        67     -5.83507e-04      5.51893e-04      1.81848e+01       -1256.00        1363.50       1256       1326      -1363       -559       1291.27       -966.72         38557      7.60624e-01           1291.8           -961.8            804.1             63.4            -90.6 
         9        73     -1.20348e-03      5.14964e-04     -4.96657e+00       -1245.00        1363.50       1245       1326      -1363       -535       1286.48       -954.96         45493      8.02727e-01           1285.7           -949.7            828.0             74.6            -90.5 
         9       122      5.44205e-04     -1.57741e-03      1.79190e+01       -1191.00        1106.50       1191       1326      -1106       -535       1258.84       -822.67         55647      7.78302e-01           1258.6           -820.8            570.7            131.2            -90.5 
         9       157     -5.98726e-03      8.08521e-04      1.74260e+01        -815.00        1359.50        815        895      -1359       -555        855.15       -964.22         45597      7.43297e-01            854.9           -957.5            804.4             76.4            -90.3 
         9       159      1.46712e-10     -5.84774e-09     -1.18115e-01        -815.00        1363.50        815       1319      -1363      -1305       1067.35      -1334.73         27143      6.64861e-06           1067.0          -1334.8            504.5             54.0             -0.5 
         9       176      3.99484e-04      3.85045e-04      1.29809e+01        -822.00        1363.50        822       1319      -1363      -1285       1068.87      -1324.43         28821      7.09192e-01           1070.5          -1324.5            497.7             74.6            179.5 
         9       187      1.16463e-04     -2.81502e-06      3.00173e+01        -823.00        1108.50        823       1326      -1108       -531       1070.15       -817.85        223132      7.41540e-01           1074.4           -820.2            499.8            573.0            179.5 
         9       215      2.07839e-04      4.06451e-04      1.32320e+01        -821.00        1342.50        821       1326      -1342       -531       1071.95       -940.06        304745      7.42055e-01           1073.4           -937.5            807.6            499.3            -90.5 
        10        66     -9.70568e-11      1.50635e-09      1.21112e-03        3601.00         384.50      -3601      -3153       -384       -318      -3377.69       -351.82         23772      3.43376e-06          -3377.6           -351.8            448.5             54.0              1.6 
        10        78     -6.03209e-04     -1.98550e-04     -7.12309e+00        3315.00         175.50      -3315      -3159       -175        650      -3236.71        234.77         84746      6.96675e-01          -3237.7            237.7            823.9            136.2             91.6 
        10       154      1.17069e-03      2.18778e-04      4.00709e+00        3601.00         186.50      -3601      -3540       -186        639      -3576.61        188.83         31850      6.50983e-01          -3570.5            226.5            826.0             61.0             90.0 
        10       190     -5.85520e-03     -2.34449e-03     -2.43682e+01        3295.00         375.50      -3295      -3153       -375       -118      -3225.33       -247.53         26704      7.29375e-01          -3224.9           -247.1            254.5            137.2            -88.4 
        10       197      6.74644e-04     -1.42109e-03      2.56678e+00        3601.00         384.50      -3601      -3534       -384       -131      -3569.22       -256.99         12111      6.44348e-01          -3570.9           -258.3            252.1             68.0            -88.2 
        11        29      1.87135e-03     -1.16794e-03     -1.36208e+01          61.00        3515.50        -61         23      -3515      -3244        -18.51      -3380.33         17358      6.74263e-01            -19.0          -3380.0             84.0            271.0             -0.0 
        11        42     -2.25814e-19     -1.11388e-16      2.89139e-01         480.00        3516.50       -480         23      -3516      -3462       -227.20      -3489.32         22428      1.73925e-15           -228.5          -3489.5             54.0            503.0             90.0 
        11        51     -4.48097e-10     -4.60661e-10     -9.25488e-01         482.00        2546.50       -482         21      -2546      -2492       -234.21      -2519.36         24869      3.72626e-06           -230.5          -2519.5             54.0            503.0             90.0 
        11        76      3.42559e-04     -2.37204e-03     -1.66131e+01         480.00        3516.50       -480         12      -3516      -3442       -232.68      -3479.20         29189      6.78390e-01           -234.0          -3479.5             74.0            492.0             90.0 
        11        80      5.68830e-03     -9.32006e-04     -5.07812e+00         482.00        3516.50       -482       -408      -3516      -3221       -444.21      -3371.98         16666      6.81888e-01           -444.5          -3369.0            295.5             73.1             90.4 
        11        88     -5.29176e-04      6.10703e-03      4.99615e+00         482.00        2525.50       -482         10      -2525      -2492       -240.33      -2509.29         12765      7.01350e-01           -236.0          -2509.0             33.0            492.0             90.0 
        11       102      3.40041e-03     -4.70598e-04     -3.11905e+00          55.00        3515.50        -55         23      -3515      -3222        -16.28      -3372.57         18204      6.63275e-01            -16.0          -3369.0            293.0             78.0             90.0 
        11       111     -2.15195e-03     -7.50792e-04     -8.94995e+00         483.00        3297.50       -483       -411      -3297      -2493       -447.02      -2900.33         42930      7.37627e-01           -447.2          -2895.5            804.2             71.3             90.1 
        11       126     -6.86542e-04      1.18702e-04     -1.64173e+00          55.00        3275.50        -55         23      -3275      -2492        -15.62      -2889.39         46781      6.56640e-01            -16.0          -2884.0            783.0             78.0             90.0 
        11       151     -1.98560e-03     -1.16631e-03     -8.04560e+00         483.00        3274.50       -483       -409      -3274      -2493       -446.30      -2889.90         43567      6.87557e-01           -446.3          -2884.0            781.2             73.1             90.1 
        11       164     -6.46549e-04      2.31682e-05     -1.07842e+01          60.00        3297.50        -60         23      -3297      -2492        -18.00      -2903.83         50208      7.27768e-01            -18.5          -2895.0            805.0             83.0             90.0 
        11       194      6.06609e-03     -2.26979e-03     -1.06641e+01         481.00        3516.50       -481       -409      -3516      -3244       -444.78      -3382.58         14716      7.28255e-01           -445.3          -3380.5            272.4             71.4            -89.7 
        11       216     -1.85443e-04      7.04035e-05     -9.18763e+00         483.00        3496.50       -483         12      -3496      -2492       -234.65      -2997.50        383508      6.89110e-01           -235.4          -2994.1           1003.8            494.4            -89.9 
        12        36     -1.70020e-10     -5.80501e-09     -1.39598e+00        3104.00        1597.50      -3104      -2600      -1597      -1532      -2852.43      -1564.89         27092      7.45636e-06          -2852.3          -1564.9            504.1             54.0              1.4 
        12        53      3.97992e-03     -2.52787e-03     -1.56001e+00        2648.00        2556.50      -2648      -2577      -2556      -2304      -2612.93      -2435.99         12411      8.31849e-01          -2612.7          -2430.5            252.1             67.1             91.1 
        12       141      1.53590e-03     -6.56848e-04     -2.56164e+00        2664.00        2358.50      -2664      -2582      -2358      -1532      -2623.80      -1947.63         42331      7.82773e-01          -2624.6          -1945.6            826.1             66.9            -88.6 
        12       143     -2.91948e-18      1.89339e-05      5.92742e-01        3082.00        2567.50      -3082      -2578      -2534      -2534      -2828.40      -2534.50           448      4.30179e-16          -2829.7          -2534.8            505.1             54.0              1.4 
        12       152     -1.41032e-03     -8.91823e-04     -3.15834e+00        3086.00        2567.50      -3086      -3002      -2567      -2315      -3043.71      -2441.11         15269      7.74624e-01          -3044.4          -2441.6            250.6             80.3             91.4 
        12       217      5.97999e-04     -6.15568e-04      3.43962e+00        3104.00        2370.50      -3104      -3007      -2370      -1542      -3056.14      -1965.69         49133      7.86316e-01          -3057.4          -1956.7            827.8             79.2            -88.4 
        13        68     -4.25866e-10      7.49522e-10      1.31754e+00       -2363.00       -1578.50       2363       2868       1578       1642       2611.09       1610.52         24155      3.53528e-06           2615.7           1610.5            505.0             54.0            178.8 
        13        82     -7.36918e-04      3.99834e-04      6.65396e+00       -2363.00       -1586.50       2363       2490       1586       1841       2427.87       1714.21         24488      7.21059e-01           2426.8           1714.1            253.3            123.4             88.9 
        13        94     -7.50261e-04      2.58633e-04     -1.84138e+00       -2746.00       -1777.50       2748       2889       1782       2604       2819.42       2305.19         60601      7.97462e-01           2817.3           2190.7            825.8            126.6            -91.2 
        13       181     -5.26854e-17     -1.86450e-15     -2.04788e+00       -2385.00       -2548.50       2385       2889       2548       2612       2635.08       2580.47         15971      2.89492e-14           2636.8           2580.5            504.1             54.0             -1.2 
        13       186     -3.83693e-04      2.26587e-06      7.09395e+00       -2368.00       -1786.50       2368       2504       1786       2612       2436.79       2198.13         78157      7.17284e-01           2436.7           2199.1            825.2            122.0             88.9 
        14        70     -4.82131e-17     -1.27936e-17      5.38040e-01       -3434.00        1608.50       3434       3598      -1608      -1550       3516.73      -1579.58          7210      2.26938e-15           3516.4          -1579.5            164.8             54.0             -1.8 
        14        83     -3.85130e-03     -4.27020e-04      1.63116e+01       -3404.00        2575.50       3404       3483      -2575      -2324       3443.68      -2450.33         13748      7.07983e-01           3443.4          -2449.7            250.7             72.5            -91.6 
        14       147     -2.22324e-10      1.43763e-09     -1.06139e-01       -3404.00        2579.50       3404       3598      -2579      -2520       3501.35      -2549.82         10362      3.71944e-06           3501.7          -2549.8            194.3             54.0             -1.8 
        14       169      8.02789e-04     -1.23329e-03     -1.76965e-01       -3410.00        2378.50       3410       3504      -2378      -1550       3457.58      -1970.87         44858      7.09304e-01           3456.8          -1964.7             72.4            827.7            178.4 
        15        55     -4.90942e-04     -1.35071e-03     -7.97031e-02        1822.00       -1600.50      -1821      -1691       1600       1853      -1756.55       1728.52         25913      6.58747e-01          -1756.7           1727.3            252.1            128.9            -89.1 
        15        81      5.70644e-04      8.96324e-04      5.52252e+00        1434.00        -833.50      -1434      -1305        833       1660      -1368.98       1250.79         77452      6.58776e-01          -1370.6           1247.1            826.2            122.1             90.7 
        15       100     -5.74288e-18      3.21683e-16      4.89365e-01        1810.00        -828.50      -1810      -1305        828        888      -1556.45        858.57         26001      5.02231e-15          -1557.4            858.6            504.8             54.0              0.7 
        15       196     -2.22106e-10      1.34204e-10     -2.01551e-01        1821.00       -1798.50      -1821      -1318       1798       1858      -1569.80       1828.60         27054      3.75926e-06          -1569.7           1828.6            503.3             54.0              0.7 
        15       207     -1.85830e-04      5.35344e-04      5.08246e+00        1437.00       -1606.50      -1436      -1315       1606       1858      -1375.90       1731.64         23664      6.85860e-01          -1376.0           1732.1            252.1            119.3            -89.3 
        16        78     -1.08559e-03     -2.61317e-04     -6.45095e+00        2932.00         165.50      -2932      -2791       -165        661      -2862.28        248.68         76925      6.86825e-01          -2862.4            248.2            825.6            123.3             91.4 
        16        90      1.22458e-10      8.51570e-10      2.17196e-01        2932.00        -605.50      -2932      -2428        605        670      -2680.02        638.03         25656      3.73999e-06          -2680.0            638.0            504.1             54.0              1.3 
        16       124      6.30703e-05     -1.07812e-03     -6.41437e+00        2563.00         155.50      -2563      -2411       -155        670      -2488.08        259.89         86864      6.76370e-01          -2487.8            257.1            137.1            824.4           -178.7 
        16       175      2.31196e-10      2.39102e-09     -1.86581e+00        2910.00         363.50      -2910      -2406       -363       -299      -2658.01       -331.80         26723      3.64346e-06          -2658.3           -331.8            504.1             54.0              1.3 
        16       190     -9.04332e-04     -6.48705e-04     -5.61149e+00        2915.00         363.50      -2915      -2786       -363       -109      -2849.90       -238.79         23328      7.18886e-01          -2850.8           -236.8            124.0            252.7              1.4 
        16       205      5.67483e-04     -8.25103e-04     -6.60283e+00        2548.00         355.50      -2548      -2406       -355       -100      -2477.51       -227.21         26794      6.94637e-01          -2477.3           -227.8            253.9            137.7            -88.7 
        17       101      9.75919e-10     -3.55933e-09     -2.32290e-01       -2077.00        3523.50       2077       2581      -3523      -3460       2328.78      -3491.78         27171      7.49102e-06           2328.8          -3491.8            504.1             54.0            178.8 
        17       171     -3.00546e-03     -3.19883e-03     -2.86174e+00       -2075.00        3600.50       2075       2155      -3600      -3460       2114.79      -3529.55          8373      7.81014e-01           2114.8          -3530.8            140.7             79.3            -90.9 
        17       198      3.78447e-03     -1.86062e-03      4.94303e+01       -2519.00        3523.50       2519       2581      -3523      -3469       2549.22      -3496.71          2649      7.68343e-01           2550.0          -3496.5             54.0             62.0             90.0 
        18        25     -2.67749e-03      1.70137e-03      4.96814e+00        2625.00        3600.50      -2625      -2552      -3600      -3472      -2589.20      -3536.87          7284      7.36283e-01          -2589.1          -3537.0            128.8             71.6            -88.6 
        18        53     -1.62461e-17      1.05151e-15      8.00354e-01        2630.00        3328.50      -2629      -2125      -3328      -3265      -2377.34      -3297.25         22366      1.64457e-14          -2377.3          -3297.2            504.9             54.0           -178.8 
        18       104     -4.81165e-04      1.23071e-04      6.35857e+00        2207.00        3517.50      -2207      -2121      -3517      -3265      -2164.92      -3391.64         16330      7.89624e-01          -2164.5          -3391.5             83.2            251.3              1.1 
        18       115     -3.03082e-03      3.33007e-03      1.25071e+01        2204.00        3600.50      -2204      -2119      -3600      -3462      -2162.50      -3532.45          8879      7.52088e-01          -2161.7          -3532.1             83.4            138.2              1.0 
        18       143     -2.16652e-03      1.70744e-03      5.99676e+00        2630.00        3526.50      -2629      -2554      -3526      -3274      -2591.73      -3399.16         14112      7.57177e-01          -2592.2          -3400.6            252.1             71.4            -88.6 
        19        22     -3.52038e-04     -1.23817e-03     -6.48191e-02        -464.00       -1613.50        465        589       1613       1864        526.46       1739.51         24519      6.72437e-01            526.5           1739.0            251.0            125.0             90.0 
        19        30     -1.53047e-10      2.50823e-09      3.72258e-01         -88.00       -2584.50         88        591       2584       2638        339.78       2611.10         26723      3.77552e-06            339.5           2611.5             54.0            503.0             90.0 
        19        32      7.36898e-04     -9.16436e-04      3.74578e-01        -466.00       -1810.50        466        591       1810       2637        528.21       2221.69         80165      6.95623e-01            528.7           2224.0            827.2            124.1            -90.1 
        19        60     -2.64594e-04     -9.48451e-04      3.78587e+00         -86.00       -1810.50         86        205       1810       2638        145.67       2219.59         78247      6.78370e-01            145.5           2224.5            828.0            119.0             90.0 
        19        91     -2.36426e-03     -8.05749e-04      2.19831e+00         -86.00       -1614.50         86        205       1614       1863        145.17       1738.10         24038      6.82876e-01            145.5           1739.0            249.0            119.0             90.0 
        19       108      2.36239e-11     -8.82571e-10     -3.71348e+00         -86.00       -1613.50         86        589       1613       1668        337.39       1641.08         26906      3.60418e-06            337.5           1641.1            503.1             54.0             -0.1 
        20        46     -3.77366e-03      3.63252e-04      1.83797e+00       -1241.00        2553.50       1241       1317      -2553      -2259       1279.47      -2405.15         16205      7.07355e-01           1279.5          -2406.5            294.8             73.6             89.3 
        20        49      2.24250e-10      3.53761e-09      7.83086e-01       -1241.00        2559.50       1241       1745      -2559      -2499       1490.60      -2529.79         25039      3.79392e-06           1493.2          -2529.6            504.1             54.0            179.3 
        20        67     -8.76849e-18     -6.75566e-16     -8.97629e-01       -1253.00        1589.50       1253       1757      -1589      -1529       1509.12      -1559.47          5141      2.57073e-15           1505.1          -1559.6            504.1             54.0             -0.7 
        20        73     -5.29392e-04     -4.40862e-03     -3.08504e+01       -1253.00        1564.50       1254       1746      -1564      -1529       1503.27      -1547.41         11480      7.03039e-01           1499.7          -1547.4            493.0             29.8             -0.7 
        20        79     -1.54410e-03     -2.31341e-04     -1.54739e+01       -1241.00        2553.50       1241       1310      -2553      -2280       1275.94      -2417.38         14691      7.38449e-01           1276.0          -2417.0            273.8             67.2            -90.7 
        20        96     -2.30997e-04      6.72077e-07     -2.19881e+01       -1242.00        2534.50       1242       1746      -2534      -1529       1495.50      -2031.62        382169      7.14922e-01           1493.3          -2032.3            999.9            494.1            -90.7 
        20        97      2.27651e-03      5.14569e-04     -2.72564e+00       -1672.00        2559.50       1672       1748      -2559      -2262       1711.20      -2408.02         16110      7.34555e-01           1709.9          -2411.0            296.7             73.5            -90.7 
        20       113      4.99677e-04      1.33441e-03     -1.80935e+01       -1241.00        2559.50       1241       1734      -2559      -2475       1486.43      -2517.38         29367      7.18719e-01           1487.7          -2517.4            492.9             78.4            179.3 
        20       118      7.63773e-04     -5.65049e-04     -3.08054e+01       -1670.00        2336.50       1670       1757      -2336      -1535       1714.51      -1939.16         47977      7.20633e-01           1713.4          -1935.7            801.1             78.3            -90.7 
        20       150      2.01182e-03     -8.02182e-04     -5.51551e+00       -1676.00        2316.50       1676       1757      -2316      -1535       1716.71      -1928.98         42238      6.98912e-01           1716.4          -1925.9            781.5             72.6            -90.7 
        20       158     -7.27235e-04     -9.72532e-04     -2.93620e+01       -1666.00        2559.50       1666       1748      -2559      -2282       1708.90      -2419.46         16282      7.19707e-01           1706.9          -2420.7            277.0             79.3            -90.7 
        20       159     -2.40012e-03     -1.05242e-03     -1.59859e+01       -1244.00        2333.50       1244       1317      -2333      -1529       1281.22      -1938.13         41009      7.23268e-01           1281.2          -1931.8            804.1             66.5             89.4 
        20       176     -1.22405e-03     -7.56129e-04     -3.85921e+00       -1244.00        2313.50       1244       1323      -2313      -1529       1284.38      -1925.28         42686      7.05595e-01           1284.5          -1921.5            783.4             72.8             89.4 
        21        30     -4.94698e-04      3.39589e-04      2.63586e-01        -470.00       -2780.50        470        594       2780       3597        531.81       3187.03         77276      6.68688e-01            532.2           3189.1            817.2            122.2            -90.2 
        21        32      1.83275e-10     -4.41924e-10     -1.34239e+00        -470.00       -2778.50        470        973       2778       2834        721.61       2806.43         26952      3.76509e-06            721.5           2806.4            503.3             54.0             -0.3 
        21       145     -5.20643e-04     -1.69641e-03      6.80782e+00        -474.00       -3554.50        474        594       3554       3597        533.79       3576.42          4031      6.76191e-01            534.0           3576.0             43.0            120.0             90.0 
        21       178     -5.87948e-04     -1.40992e-04     -3.58365e+00        -857.00       -2778.50        857        979       2778       3597        918.93       3181.59         74443      6.82353e-01            918.0           3188.1            819.5            117.9            -90.3 
        22        32      1.01364e-10      1.08110e-10      1.68361e+00        -466.00       -1808.50        466        969       1808       1864        717.00       1836.35         26864      3.08903e-06            717.5           1836.3            503.3             54.0            179.7 
        22        34     -4.11915e-03      1.44052e-03     -7.24878e-01        -846.00       -1608.50        846        969       1608       1862        907.51       1735.23         24827      7.06037e-01            908.0           1735.5            122.1            253.1            179.5 
        22        54     -3.92289e-10     -5.41971e-09     -1.46511e+00        -460.00        -838.50        460        963        838        894        711.55        866.27         27083      5.12786e-06            711.5            866.3            503.3             54.0            179.7 
        22       108      2.18664e-03     -2.00393e-03      5.77662e-01        -460.00        -840.50        460        589        840       1667        524.74       1249.07         82678      7.12365e-01            524.4           1254.0            827.2            127.7            -90.2 
        22       199      8.62327e-04      5.75155e-04     -3.33974e+00        -840.00        -838.50        840        968        838       1663        904.44       1249.61         81552      6.82727e-01            904.8           1250.6            825.0            123.6             89.6 
        23        39     -3.78841e-05     -2.87933e-03      3.01276e+01        -449.00        1101.50        449        883      -1101       -532        665.53       -819.12        188236      7.86027e-01            665.8           -816.9            432.3            567.3            179.7 
        23        44      9.16629e-03     -1.12469e-03      1.01628e+01        -373.00        1555.50        373        451      -1555      -1282        413.17      -1419.62         17015      7.88553e-01            412.0          -1419.0            273.0             78.0             90.0 
        23       142      5.50907e-04      2.70921e-03      1.90390e+01        -386.00        1557.50        387        878      -1557      -1523        635.53      -1540.43         12217      8.02001e-01            632.0          -1540.6            491.9             32.9            179.7 
        23       146     -1.17965e-18     -7.13730e-16      8.47031e-01        -373.00        1557.50        373        878      -1557      -1502        626.08      -1530.12         24913      1.11083e-14            625.5          -1530.0            505.0             54.0            179.7 
        23       157      6.15146e-04      1.08870e-04      1.37363e+01        -386.00        1557.50        387        883      -1557       -553        637.04      -1050.79        393659      7.13471e-01            634.1          -1055.6           1003.0            493.1             89.7 
        23       159      3.78473e-03     -1.66957e-03     -2.50267e+00        -813.00        1557.50        813        879      -1557      -1305        845.98      -1431.03         12808      8.11161e-01            846.0          -1431.6            252.1             65.0            -90.3 
        23       176      6.28940e-03     -2.01962e-03      7.74411e+00        -819.00        1557.50        819        879      -1557      -1285        849.22      -1420.70         12559      7.40907e-01            849.0          -1421.5            272.3             59.1            -90.3 
        23       185      6.07221e-03      8.43113e-04      1.22044e+01        -375.00        1335.50        375        452      -1335       -532        414.75       -932.76         46352      7.78459e-01            414.3           -934.0            803.3             76.5            -90.2 
        23       187     -1.61249e-03     -8.54594e-04      3.34162e+01        -823.00        1104.50        823        883      -1104       -534        853.11       -825.71         24885      7.63129e-01            853.5           -819.5            570.4             57.2             89.6 
        23       189      6.31992e-03      1.04362e-03      3.15874e+00        -375.00        1358.50        375        449      -1358       -532        413.00       -947.39         46548      7.90436e-01            412.1           -945.5            826.1             73.3            -90.1 
        23       209     -2.39300e-03     -2.79940e-03      3.18500e+01        -376.00        1104.50        376        584      -1104       -532        482.30       -818.62         91632      7.88150e-01            480.2           -818.2            572.0            206.4            -90.3 
        23       215      4.75086e-03     -4.55043e-04      1.11539e+01        -821.00        1339.50        821        883      -1339       -534        852.14       -942.53         35771      7.42770e-01            852.1           -936.9            805.0             58.5            -90.3 
        24        41      5.27632e-10     -2.84068e-09      8.50203e-01        2163.00         345.50      -2163      -1659       -345       -284      -1911.29       -314.66         27192      9.00126e-06          -1911.3           -314.7            504.0             54.0           -179.1 
        24       100     -7.05445e-04     -1.02804e-03      2.04752e-01        1807.00         141.50      -1807      -1663       -141        685      -1735.69        270.74         85630      7.23516e-01          -1735.6            272.2            826.2            133.8             90.9 
        24       124     -1.64099e-03     -1.46466e-03     -1.02544e+00        2179.00         148.50      -2179      -2044       -148        679      -2111.55        267.07         79550      6.82782e-01          -2111.5            265.7            827.2            122.6             90.9 
        24       165     -4.01159e-05     -9.63373e-04      2.01873e+00        1796.00         339.50      -1796      -1659       -339        -86      -1727.12       -212.79         26784      6.89845e-01          -1728.0           -212.6            252.1            134.3            -89.1 
        24       205     -2.11109e-03     -1.24171e-03     -3.51122e+00        2166.00         345.50      -2166      -2040       -345        -93      -2102.64       -219.14         24742      6.92022e-01          -2103.3           -219.2            251.0            123.2             90.9 
        25        37     -1.73851e-03     -3.53442e-04     -1.65518e+00        3058.00        3600.50      -3058      -2973      -3600      -3482      -3015.41      -3541.50          7526      7.80042e-01          -3016.3          -3542.2            118.9             83.7            -88.5 
        25       143     -1.46960e-18      9.47728e-17     -3.18161e-01        3058.00        3537.50      -3058      -2554      -3537      -3472      -2806.15      -3504.81         25999      1.48109e-15          -2806.2          -3504.8            504.1             54.0              1.4 
        26        94      8.27852e-03     -7.56279e-04     -1.73573e+01       -3131.00       -1767.50       3131       3269       1767       2597       3201.73       2194.39         76640      7.81359e-01           3200.1           2182.4            827.5            119.4            -91.4 
        26       167     -5.83049e-12      9.05030e-10      3.94896e-01       -3126.00       -1561.50       3132       3598       1592       1595       3316.64       1593.68             0             -nan           3362.5           1594.2            472.5             54.0            178.4 
        26       170     -4.56992e-03      1.83684e-03      2.01836e+01       -3513.00       -1759.50       3513       3598       1759       2586       3563.08       2112.56         42999      9.13144e-01           3555.5           2173.0            827.0             85.0             90.0 
        26       213     -1.88744e-03     -4.68987e-04      1.49770e+01       -3506.00       -1561.50       3506       3598       1561       1814       3553.90       1687.57         17656      7.47349e-01           3552.0           1688.0            253.0             92.0             90.0 
        26       214     -4.15702e-16     -2.33541e-14     -1.63788e-01       -3152.00       -2531.50       3154       3598       2557       2570       3379.22       2564.30            15      2.65739e-16           3375.5           2564.4            446.6             54.0             -1.6 
        27        53      3.57419e-04     -9.66991e-04     -8.66427e+00        2223.00        2547.50      -2223      -2140      -2547      -2295      -2182.65      -2423.42         15152      7.73807e-01          -2181.5          -2421.4             79.1            251.2           -179.0 
        27       104     -2.06125e-18      7.86318e-17      3.29712e-01        2219.00        2547.50      -2219      -1715      -2547      -2485      -1968.05      -2516.34         23405      1.23213e-15          -1967.4          -2516.4            504.1             54.0           -179.1 
        27       107      2.57907e-03     -3.53377e-04      2.35564e-02        1785.00        2539.50      -1785      -1715      -2539      -2287      -1750.07      -2415.30         12929      7.69757e-01          -1750.5          -2413.9             66.9            251.9              0.9 
        27       136     -8.70062e-19     -4.45336e-16     -4.91425e-01        2235.00        1577.50      -2235      -1731      -1577      -1515      -1983.52      -1546.41         26911      7.04113e-15          -1983.3          -1546.4            504.0             54.0           -179.1 
        27       141     -4.25173e-04     -9.17421e-04     -9.38190e+00        2235.00        2350.50      -2235      -2144      -2350      -1522      -2191.09      -1935.20         49913      7.82683e-01          -2191.2          -1936.3            827.1             78.3            -88.9 
        28        65      1.74849e-18     -6.52825e-17     -1.52985e-01        2226.00       -3534.50      -2226      -1722       3534       3595      -1973.39       3565.33         21875      1.02402e-15          -1974.0           3565.4            504.1             54.0           -179.1 
        28        75      6.61882e-05      2.48222e-03     -6.33719e+00        2226.00       -3534.50      -2226      -2115       3534       3597      -2169.22       3566.98          5522      7.07364e-01          -2170.5           3566.0             63.0            111.0             90.0 
        28       211      2.27844e-03     -6.03177e-03      2.53757e+01        1845.00       -3540.50      -1845      -1722       3540       3597      -1784.95       3569.80          5582      6.31749e-01          -1783.5           3569.0             57.0            123.0             90.0 
        29        42     -4.99413e-03     -1.49701e-03      4.52934e+00          61.00        3600.50        -61         23      -3600      -3462        -19.19      -3532.41          9085      6.54292e-01            -19.0          -3531.5            138.0             84.0             90.0 
        29        76      2.76355e-04     -5.83780e-04     -7.61382e-01          61.00        3600.50        -61         12      -3600      -3442        -24.43      -3523.33          9209      7.59596e-01            -24.5          -3521.5            158.0             73.0             90.0 
        29        92     -4.45051e-04      2.90469e-03      3.65572e+00        -362.00        3600.50        362        444      -3600      -3442        403.55      -3521.43         10502      7.46252e-01            403.0          -3521.5            158.0             82.0             90.0 
        29       102      1.72736e-04     -2.39815e-04      7.33288e+00          55.00        3600.50        -55        444      -3600      -3244        194.57      -3424.15        137665      6.89858e-01            194.5          -3422.5            356.0            499.0             90.0 
        29       126      6.82687e-05     -1.72185e-03      2.15219e+00          55.00        3275.50        -55        444      -3275      -3244        195.52      -3260.32         12417      7.12082e-01            194.5          -3260.0             31.0            499.0             90.0 
        29       132      1.34147e-03      1.54241e-03      1.30143e+01        -375.00        3600.50        375        444      -3600      -3463        409.63      -3531.15          7559      6.97514e-01            409.5          -3532.0            137.0             69.0             90.0 
        29       164     -8.99876e-11      1.80364e-09     -1.02102e+00          60.00        3298.50        -60        444      -3298      -3244        192.79      -3271.77         27080      6.62336e-06            192.0          -3271.5            504.0             54.0             -0.0 
        29       180     -1.66355e-02     -6.22289e-04      8.90638e+00        -376.00        3517.50        376        444      -3517      -3245        410.23      -3382.99         14735      7.66538e-01            410.0          -3381.5            272.0             68.0             90.0 
        29       206     -1.89500e-02      1.43972e-03      1.75165e+00        -363.00        3495.50        363        444      -3495      -3245        404.07      -3370.41         16382      7.84342e-01            403.5          -3370.5            250.0             81.0             90.0 
        29       216     -1.84717e-03      3.48332e-04      1.49788e+00          60.00        3495.50        -60         12      -3495      -3244        -23.53      -3367.83         14247      7.70716e-01            -24.0          -3370.0            251.0             72.0             90.0 
        30        32      5.07705e-04     -9.48470e-04      2.00520e-01        -469.00       -2584.50        469        592       2584       2834        529.59       2707.58         24162      6.60524e-01            530.6           2709.3            250.4            122.8             89.6 
        30        48     -7.52692e-04     -1.63073e-04      1.88569e+00         -88.00       -2780.50         88        204       2780       3597        146.55       3190.73         76605      6.74348e-01            146.0           3189.0            817.0            116.0             90.0 
        30        60      8.88443e-03     -5.26161e-06     -1.25974e+00         -87.00       -2585.50         87        204       2585       2833        148.92       2708.21         22512      7.39332e-01            145.5           2709.5            248.0            117.0             90.0 
        30       145     -3.91012e-19     -2.88967e-16     -5.03693e-01         -91.00       -3554.50         91        594       3554       3597        343.46       3576.18         20205      3.63868e-15            342.5           3576.0             43.0            503.0             90.0 
        31        61     -1.00482e-02     -2.23908e-03     -7.24360e-02         -81.00         129.50         81        206       -129        698        147.43        332.81         70034      9.78099e-01            143.5            284.5            828.0            125.0             90.0 
        31        91      1.12486e-18     -5.51208e-16      3.08794e+00         298.00        -839.50       -298        205        839        893        -48.48        866.29         24691      8.61941e-15            -46.5            866.5             54.0            503.0             90.0 
        31        95      1.02500e-02     -9.14256e-04      9.39124e+00         298.00         130.50       -298       -163       -130        694       -230.39        280.86         83528      8.96038e-01           -230.5            282.0            825.0            135.0             90.0 
        31       108      4.01018e-04     -5.57691e-03      3.16451e+00         -83.00        -644.50         83        205        644        893        143.43        763.96         23525      7.56716e-01            144.0            769.0            249.0            122.0             90.0 
        31       127      4.18875e-02      2.57925e-03      1.15481e+01         298.00        -641.50       -298       -165        641        892       -221.16        768.53         22489      1.01907e+00           -231.5            767.0            251.0            133.0             90.0 
        31       192     -9.89334e-19      2.42861e-17     -2.35427e+00         297.00         130.50       -297        206       -130        -76        -50.17       -104.01         22284      4.65019e-16            -45.5           -103.5             54.0            503.0             90.0 
        32        34      7.78457e-04      4.11440e-04     -4.83280e+00        -849.00       -1808.50        849        972       1808       2633        911.48       2218.66         78178      6.90558e-01            910.9           2220.7            825.0            121.1            -90.3 
        32       178      2.28352e-03      5.00326e-04     -6.83811e+00        -856.00       -2579.50        856        973       2579       2832        915.21       2706.33         23851      6.66606e-01            914.5           2706.0            253.0            117.0             90.0 
        33        59      1.48904e-03     -6.23264e-04     -6.84391e-01       -1594.00        -829.50       1594       1727        829       1654       1660.37       1240.52         81398      7.10326e-01           1660.6           1241.9            825.1            124.1            -90.7 
        33        82     -9.04462e-07     -7.63225e-04     -3.92027e+00       -1969.00        -822.50       1969       2109        822       1648       2039.52       1232.70         86037      7.09781e-01           2039.1           1236.0            825.3            129.2            -90.9 
        33       130     -3.54037e-10      7.31550e-10     -5.23540e-01       -1591.00        -624.50       1591       2095        624        684       1841.37        654.50         26681      3.81164e-06           1842.9            654.5            504.0             54.0            179.1 
        33       139     -4.48520e-04     -4.49636e-04     -4.18505e+00       -1965.00        -624.50       1965       2098        624        878       2030.49        753.26         25667      7.24374e-01           2031.8            751.1            129.9            253.1             -1.0 
        33       153      8.65488e-04     -3.87885e-04     -2.22797e+00       -1591.00        -629.50       1591       1718        629        883       1654.50        757.24         25621      7.01048e-01           1654.8            756.9            124.6            253.1            179.1 
        34        59     -3.24246e-03      1.47456e-04     -2.99439e+00       -1223.00       -1605.50       1223       1352       1605       1858       1287.93       1730.09         25668      6.90948e-01           1288.3           1731.8            127.6            252.1            179.3 
        34       161     -1.59497e-03     -1.16844e-04     -3.64741e+00       -1226.00       -1803.50       1226       1359       1803       2629       1294.32       2216.76         82098      6.98329e-01           1292.3           2216.8            826.0            127.6            -90.5 
        34       178      1.44752e-10      1.38247e-09     -4.67628e-01        -856.00       -2575.50        856       1359       2575       2633       1107.45       2604.40         26864      3.81438e-06           1107.5           2604.4            503.5             54.0            179.5 
        34       199     -3.73251e-10      8.22839e-10      2.74090e-01        -846.00       -1605.50        846       1351       1605       1663       1099.01       1634.30         26995      3.56996e-06           1098.5           1634.3            504.8             54.0             -0.5 
        35        93     -6.18722e-03      1.19370e-03     -2.16393e+01        3601.00        -783.50      -3601      -3571        783       1609      -3591.08       1096.99         11349      6.96477e-01          -3586.0           1196.5            826.0             30.0             90.0 
        35       154     -9.54398e-10     -5.53220e-09      1.05463e+00        3601.00        -783.50      -3601      -3571        783        837      -3586.45        810.93          1595      3.45067e-06          -3586.0            810.5             54.0             30.0             90.0 
        35       182      8.64865e-02      3.82689e-03      3.07748e+02        3601.00       -1556.50      -3601      -3595       1556       1754      -3599.31       1625.28           577      6.41386e-01          -3598.0           1639.5            166.0              6.0             90.0 
        36        74     -6.17735e-03      8.01204e-04     -1.88624e+01        2683.00        1388.50      -2683      -2605      -1388       -562      -2644.41       -979.97         39357      8.26819e-01          -2645.6           -975.7            826.1             62.8            -88.6 
        36       131      2.34771e-03      3.98650e-04      1.18264e+01        3127.00        1401.50      -3127      -3034      -1401       -572      -3081.49       -990.32         46690      7.87207e-01          -3080.6           -986.9            827.8             75.1             91.4 
        36       141     -4.31777e-04      2.45937e-03     -1.55324e+00        2668.00        1586.50      -2668      -2600      -1586      -1334      -2634.52      -1461.48         12524      8.02694e-01          -2634.7          -1460.6            252.0             64.1            -88.6 
        36       175     -3.43934e-03      2.87034e-04      4.68014e+01        2905.00        1137.50      -2905      -2611      -1137       -562      -2757.69       -847.30        123867      7.96973e-01          -2758.1           -850.3            570.1            281.8            -88.6 
        36       190     -3.78819e-04     -8.89206e-04      5.38422e+01        3127.00        1141.50      -3127      -2766      -1140       -566      -2947.92       -854.84        150122      7.55672e-01          -2947.4           -853.4            567.7            348.6            -88.5 
        36       217      7.88364e-03      3.12121e-03      3.24752e+01        3109.00        1597.50      -3109      -3028      -1597      -1346      -3068.10      -1472.62         14312      8.21247e-01          -3068.6          -1471.8            250.5             76.0             91.4 
        37        56      1.33732e-02     -3.51541e-03      3.08841e+01        3479.00        3600.50      -3479      -3406      -3600      -3496      -3441.47      -3548.59          5381      8.25917e-01          -3442.9          -3549.2            104.8             71.4            -88.3 
        37       143     -5.10401e-05      2.56272e-03      3.69044e+00        3063.00        3537.50      -3063      -2975      -3537      -3285      -3019.13      -3412.07         15609      7.68788e-01          -3019.7          -3411.6            250.6             83.4            -88.4 
        37       152     -8.18834e-11      1.03560e-08     -9.90128e-01        3486.00        3352.50      -3486      -2980      -3352      -3285      -3232.72      -3319.21         27091      1.05016e-05          -3233.1          -3319.2            505.1             54.0           -178.4 
        37       173      4.71107e-03      4.95306e-03      3.03394e+01        3486.00        3551.50      -3485      -3408      -3550      -3297      -3447.19      -3427.25         12975      7.82841e-01          -3446.8          -3424.5            252.7             71.3            -88.2 
        38        85      8.95907e-18     -6.00973e-16     -1.04028e+00        1058.00       -1806.50      -1058       -555       1806       1863       -806.49       1835.08         23178      9.38439e-15           -806.5           1835.1            503.4             54.0              0.4 
        38        86     -1.61631e-17      2.26945e-15      1.34631e+00        1065.00       -2776.50      -1065       -561       2776       2833       -813.16       2805.23         24313      3.53513e-14           -813.0           2805.2            504.3             54.0           -179.6 
        38       135      9.63661e-04      1.32371e-03     -6.38581e+00         677.00       -2579.50       -677       -560       2579       2833       -619.13       2703.99         22785      6.72990e-01           -618.4           2706.5            254.0            116.4             90.3 
        38       174     -7.63419e-04      1.21511e-03     -1.99754e+00        1065.00       -2579.50      -1065       -940       2579       2830      -1001.76       2704.21         25254      6.33966e-01          -1002.9           2705.5            124.9            251.2           -179.4 
        38       203      1.16255e-03      4.98008e-04     -4.84919e+00         676.00       -1809.50       -676       -555       1809       2633       -615.72       2216.79         78488      6.55885e-01           -615.9           2221.5            824.2            118.7             90.3 
        38       207      6.89062e-04      1.01451e-03      1.17262e+00        1064.00       -1806.50      -1064       -932       1806       2634       -997.32       2219.14         82106      6.59218e-01           -999.0           2220.4            827.1            126.7            -89.4 
        39        54     -3.68053e-10      2.17580e-09      2.72679e+00        -455.00         131.50        455        958       -131        -75        706.53       -103.69         24674      3.59269e-06            706.5           -103.7            503.3             54.0            179.7 
        39        61      3.50938e-03     -2.09502e-03     -6.59922e-01        -454.00         326.50        454        584       -326        -75        518.24       -201.45         25531      7.34941e-01            519.0           -201.0            251.0            130.0             90.0 
        39       156     -3.29509e-04      1.62936e-03      1.50764e+00        -830.00         331.50        830        958       -331        -77        894.86       -204.17         25269      6.79113e-01            894.4           -204.5            127.4            253.1            179.5 
        39       157      7.58898e-04      3.04500e-03     -1.63945e+01        -449.00        1101.50        449        895      -1101       -553        671.82       -828.65        185121      7.50821e-01            671.6           -827.5            444.3            546.3             -0.3 
        39       185      4.53722e-02      5.49083e-03     -3.49398e+01        -449.00        1098.50        449        452      -1098       -513        451.14       -868.32           939      9.67948e-01            450.5           -894.5            408.0              3.0             90.0 
        39       187      7.08775e-04      1.96823e-03      1.25623e+00        -823.00        1101.50        823        957      -1101       -276        890.33       -690.82         82770      7.23252e-01            890.7           -689.4            825.0            129.7             89.6 
        39       209      2.09669e-03     -3.44367e-04     -1.08063e+00        -449.00        1099.50        449        584      -1099       -272        517.64       -686.79         83013      7.59854e-01            517.1           -686.0            827.2            133.9            -90.3 
        39       215      2.07688e-03      2.74325e-03     -1.64464e+01        -823.00        1101.50        823        956      -1101       -508        890.74       -808.50         58913      7.12033e-01            889.3           -805.2            593.2            130.1            -90.3 
        40        81      7.60748e-04      9.23436e-04      3.45664e+00        1052.00        -639.50      -1052       -921        639        890       -985.55        764.17         25393      6.41907e-01           -986.7            765.4            251.1            130.6            -89.4 
        40        85      4.36229e-11     -8.77698e-10      1.69533e+00        1052.00        -836.50      -1052       -548        836        893       -799.77        865.07         27030      3.81248e-06           -799.9            865.1            504.2             54.0              0.4 
        40        89     -3.40607e-04      1.05009e-03      1.43708e+00        1051.00         133.50      -1050       -913       -133        693       -982.22        275.32         86692      6.58286e-01           -982.1            280.3            827.0            133.1             90.4 
        40        95     -1.53599e-04      1.14601e-03     -6.40367e+00         669.00         130.50       -669       -541       -130        693       -605.90        271.55         82440      6.90783e-01           -606.6            281.4            824.0            125.9            -89.6 
        40       106      2.16840e-18      0.00000e+00     -2.97075e+00        1046.00         133.50      -1046       -541       -133        -76       -793.48       -104.95         23158      3.41570e-16           -793.5           -104.9            504.9             54.0              0.4 
        40       127     -1.49546e-02     -1.58779e-03     -1.40744e+01         670.00        -639.50       -670       -547        639        893       -608.55        769.10         24629      7.25780e-01           -608.5            766.5            254.0            123.0             90.0 
        41       125      1.82607e-03     -2.97231e-04     -4.53342e+01        1807.00        1113.50      -1807      -1647      -1113       -541      -1726.79       -831.07         67661      7.34694e-01          -1727.6           -827.5            570.6            153.2            -89.1 
        41       136     -8.57541e-04     -2.30291e-04     -4.91218e+01        2159.00        1119.50      -2159      -1739      -1119       -545      -1947.98       -832.47        181074      7.35910e-01          -1949.0           -832.5            567.7            412.0            -89.1 
        41       165      1.39511e-03     -1.27858e-03      3.60316e+00        1793.00        1111.50      -1793      -1647      -1111       -284      -1719.96       -699.89         89048      6.80952e-01          -1721.8           -697.7            826.1            137.6             90.9 
        41       205      6.87487e-04     -8.42957e-04      1.41238e+00        2163.00        1118.50      -2163      -2025      -1118       -290      -2094.82       -699.39         79220      7.10332e-01          -2095.4           -704.1            125.6            827.2           -178.9 
        42        76      2.00594e-04     -8.25584e-04     -1.15528e+01         480.00        3600.50       -480         12      -3600      -3462       -229.01      -3531.32         54087      6.87157e-01           -234.0          -3531.5            138.0            492.0             90.0 
        42        80      7.75663e-03     -1.35334e-03     -5.91929e+00         480.00        3600.50       -480       -407      -3600      -3463       -443.75      -3529.50          7730      6.97082e-01           -443.5          -3532.0            137.0             73.0             90.0 
        42       102      5.03940e-03     -1.57476e-03     -7.23770e+00          55.00        3600.50        -55         23      -3600      -3462        -16.36      -3531.37          9128      6.37895e-01            -16.0          -3531.5            138.0             78.0             90.0 
        42       194      7.88803e-04     -7.09109e-04     -7.83004e+00         480.00        3600.50       -480       -409      -3600      -3463       -444.56      -3530.66          7500      6.99989e-01           -444.5          -3532.0            137.0             71.0             90.0 
        42       216      1.61510e-04     -4.01290e-03     -2.36371e+01         480.00        3496.50       -480         12      -3496      -3462       -228.63      -3479.25         13584      7.20118e-01           -234.0          -3479.2            492.1             33.7           -179.9 
        43        58      6.71453e-04     -3.07615e-04     -1.05118e+01       -2675.00        1132.50       2675       2827      -1132       -305       2751.65       -720.30         85100      7.59733e-01           2751.0           -718.9            825.7            135.2            -91.2 
        43        63     -2.84120e-10      2.14081e-09     -1.23797e+00       -2323.00         361.50       2323       2827       -361       -297       2574.92       -329.20         27075      5.00701e-06           2574.9           -329.2            504.1             54.0            178.8 
        43       117     -6.99342e-04      7.04110e-04      4.03104e+01       -2575.00        1134.50       2575       2821      -1134       -559       2699.55       -847.82        104259      6.99860e-01           2697.9           -847.3            571.4            235.9            -91.2 
        43       148     -3.43548e-04      3.45043e-04     -2.71960e+01       -2306.00        1131.50       2306       2639      -1131       -554       2471.98       -842.03        142564      7.56587e-01           2473.2           -842.4            322.7            571.7            178.8 
        43       212      7.47561e-04     -7.79004e-04     -8.51430e-01       -2306.00        1123.50       2307       2451      -1123       -297       2379.57       -716.43         84670      7.30622e-01           2380.2           -710.7            825.0            131.0             88.8 
        44        51     -1.73385e-03     -1.50537e-04      2.23856e+00          54.00        2305.50        -54         20      -2305      -1521        -16.50      -1922.04         44915      6.80592e-01            -17.0          -1913.5            784.0             74.0             90.0 
        44        88     -1.78507e-03     -6.28669e-06     -6.79735e+00          54.00        2305.50        -54         10      -2305      -1501        -22.17      -1903.64         39628      6.98012e-01            -22.3          -1903.5            804.1             63.8            -89.9 
        44       126      4.43126e-11     -5.50739e-09      1.08271e+00          53.00        2305.50        -53        450      -2305      -2251        198.38      -2278.96         26951      4.47578e-06            198.5          -2278.5             54.0            503.0             90.0 
        44       142     -4.47576e-03     -3.78275e-04      1.05399e+00        -382.00        2305.50        382        451      -2305      -1523        417.35      -1922.35         41295      7.21869e-01            416.6          -1914.5            782.1             68.3            -90.1 
        44       146     -3.74591e-03      2.05834e-04     -1.29455e+01        -369.00        2305.50        369        451      -2305      -1502        411.25      -1916.85         49414      7.83229e-01            410.3          -1904.0            803.2             81.1            -90.1 
        44       157     -1.45660e-02      2.73858e-04      4.93314e+00        -386.00        1576.50        386        451      -1576      -1282        418.86      -1431.66         15553      7.74041e-01            418.5          -1429.5            294.0             65.0             90.0 
        44       164      5.12176e-04      8.11716e-03      1.07853e+01          53.00        2305.50        -53        446      -2305      -2274        196.57      -2290.51         11926      6.95819e-01            196.5          -2290.0             31.0            499.0             90.0 
        44       183      3.25435e-03     -5.19408e-04      2.40139e-01          53.00        1575.50        -53         19      -1575      -1281        -17.05      -1429.49         15307      7.42854e-01            -17.3          -1428.5            294.2             71.7            -89.8 
        44       185     -1.53581e-18     -1.15207e-15     -1.43983e+00          52.00        1335.50        -52        451      -1335      -1281        208.27      -1309.19         19593      1.78575e-14            199.5          -1308.5             54.0            503.0             90.0 
        44       189      1.15523e-03      3.13533e-04     -1.06604e+01          53.00        1358.50        -53        448      -1358      -1281        201.97      -1321.02         27990      7.65890e-01            197.6          -1320.2            501.0             76.6             -0.1 
        44       195     -3.54900e-04     -1.17186e-03     -1.04762e+01          53.00        1554.50        -53          8      -1554      -1281        -22.11      -1421.13         13134      7.20679e-01            -22.5          -1418.0            273.0             61.0             90.0 
        45        47     -3.50123e-03      7.77508e-04      1.99922e+00         924.00        2330.50       -924       -843      -2330      -1524       -883.90      -1933.83         45721      7.23617e-01           -884.8          -1927.3            806.2             76.2            -89.4 
        45        51      2.56163e-05      6.71690e-04      7.04356e+00         484.00        2327.50       -484       -416      -2327      -1522       -450.57      -1932.94         42965      6.72165e-01           -450.4          -1925.1            805.0             67.3             90.2 
        45        57     -6.39127e-04      1.32539e-03      2.83048e+00         924.00        1337.50       -924       -421      -1337      -1304       -675.12      -1320.45         11643      7.74857e-01           -672.5          -1320.7            503.2             31.1              0.3 
        45        88      1.34874e-03      9.20328e-04     -1.23901e+00         495.00        2327.50       -495       -416      -2327      -1502       -456.03      -1924.48         51770      7.07278e-01           -456.5          -1915.0            825.4             77.6            -89.7 
        45       111      6.52878e-11     -2.46717e-09      3.57767e-01         919.00        2330.50       -839       -423      -2306      -2295       -622.27      -2300.77             0             -nan           -667.5          -2302.2            503.3             54.0              0.3 
        45       121     -7.86894e-11      2.01331e-09     -4.62977e-02         925.00        1360.50       -925       -421      -1360      -1304       -672.36      -1332.15         25962      7.22932e-06           -672.9          -1332.2            504.0             54.0              0.3 
        45       123      5.32329e-03     -6.70860e-04      6.03841e+00         925.00        1577.50       -925       -851      -1577      -1306       -887.74      -1442.50         15134      6.99047e-01           -888.2          -1442.1            271.6             73.6            -89.4 
        45       137      6.00662e-03      6.49487e-04      8.34015e+00         925.00        1557.50       -925       -858      -1557      -1306       -890.78      -1431.71         12894      7.16000e-01           -891.9          -1431.9            251.1             66.4            -89.5 
        45       140     -3.18725e-03      1.01963e-03      1.65218e+00         924.00        2330.50       -924       -851      -2330      -1503       -887.61      -1924.00         43646      7.48357e-01           -888.6          -1916.9            827.0             68.8            -89.5 
        45       151      3.87754e-04     -5.74806e-04      1.07222e+00         919.00        2330.50       -918       -416      -2330      -2251       -663.81      -2290.41         31889      6.52288e-01           -667.5          -2290.7            503.4             77.1           -179.7 
        45       172     -3.79183e-04     -5.97745e-04      9.38975e-01         924.00        2307.50       -924       -416      -2307      -1304       -668.68      -1815.44        406273      6.84947e-01           -669.9          -1805.7           1001.2            503.3            -89.7 
        45       183     -8.84138e-03      6.89604e-04      1.16589e+00         485.00        1576.50       -485       -420      -1576      -1304       -453.71      -1442.83         13562      7.79398e-01           -452.5          -1440.5            272.0             65.0             90.0 
        45       195     -5.37578e-03      1.38062e-04     -7.73854e+00         495.00        1555.50       -495       -420      -1555      -1304       -458.30      -1429.68         14813      7.42230e-01           -457.5          -1430.0            251.0             75.0             90.0 
        46        49     -7.56151e-04      1.07391e-03      7.95509e+00       -1232.00        3283.50       1232       1315      -3283      -2499       1273.21      -2899.57         44082      7.29772e-01           1273.8          -2891.6            783.5             77.0            -90.6 
        46        79     -7.87541e-05      7.24670e-05     -1.28945e+01        -804.00        3283.50        804       1310      -3283      -2276       1056.57      -2779.80        372819      7.40110e-01           1056.8          -2779.7           1003.7            498.6            -90.5 
        46        96      1.46395e-03      6.41659e-04     -1.88761e+01       -1229.00        2529.50       1229       1317      -2529      -2259       1273.41      -2393.18         17501      7.36299e-01           1273.6          -2394.3            270.5             85.8             89.3 
        46       113     -2.20251e-03      9.97511e-04     -1.19389e+01       -1220.00        3283.50       1220       1315      -3283      -2475       1267.12      -2885.61         53732      7.77384e-01           1268.1          -2879.4            807.8             88.6            -90.6 
        46       120      9.10224e-11      1.09530e-10     -1.40921e-01        -804.00        3283.50        804       1308      -3283      -3225       1056.57      -3254.47         26963      4.44249e-06           1056.0          -3254.5            504.4             54.0             -0.5 
        46       142     -1.16566e-04     -2.99527e-03     -9.07296e+00        -810.00        2549.50        811        886      -2549      -2255        848.42      -2402.37         16469      7.06233e-01            848.2          -2402.4            293.9             75.2            -90.3 
        46       146      9.06581e-04     -3.49625e-03     -2.61039e+01        -810.00        2528.50        810        874      -2527      -2255        841.81      -2390.09         12909      7.51148e-01            842.4          -2391.8            272.9             62.4             89.4 
        46       159      5.59866e-04     -2.42536e-03     -1.90482e+01        -812.00        2333.50        812       1310      -2333      -2255       1058.47      -2294.87         27642      7.12964e-01           1061.3          -2294.6            498.0             74.6             -0.5 
        46       176      7.54211e-10      1.84123e-09      1.30890e-01        -813.00        2313.50        813       1317      -2313      -2255       1064.04      -2284.38         25779      3.68395e-06           1064.9          -2284.3            504.0             54.0            179.5 
        46       180      8.85836e-03      2.48127e-03     -6.90839e+00        -804.00        3279.50        805        885      -3279      -2495        848.12      -2848.78         41875      9.94367e-01            844.9          -2887.5            784.2             77.3            -90.4 
        46       193     -4.15361e-04     -1.17201e-02     -5.16128e+01        -805.00        3283.50        805       1301      -3283      -3246       1052.50      -3264.41         12705      6.99172e-01           1053.0          -3264.7            496.3             33.5            179.5 
        46       206      2.22392e-03      1.77843e-04     -2.34260e+01        -804.00        3279.50        805        872      -3279      -2474        841.30      -2839.05         36225      9.56636e-01            839.3          -2876.9            805.3             64.7             89.5 
        47       107      7.96724e-05     -4.76598e-05     -2.14420e+01        1347.00        2552.50      -1347      -1277      -2552      -2282      -1312.25      -2416.79         14870      7.18276e-01          -1312.6          -2417.1            269.7             67.8            -89.3 
        47       110      3.62303e-04     -7.16406e-04     -2.80212e+00        1345.00        2552.50      -1345       -849      -2551      -2473      -1098.05      -2512.50         30268      6.61189e-01          -1096.9          -2512.8            496.5             74.6              0.5 
        47       111      2.46793e-03     -6.33356e-04     -2.25980e+00         920.00        2547.50       -920       -841      -2547      -2276       -880.39      -2414.92         16636      6.63575e-01           -880.6          -2412.1            271.3             78.1             90.3 
        47       123      1.73277e-09     -4.11148e-09     -1.48701e+00        1354.00        1581.50      -1354       -851      -1581      -1524      -1102.36      -1552.99         27058      6.44174e-06          -1102.5          -1553.0            503.5             54.0              0.6 
        47       137      1.03605e-04      4.30852e-03      4.99853e+00        1354.00        1561.50      -1354       -858      -1561      -1524      -1108.44      -1542.70         13005      6.91411e-01          -1106.0          -1542.7            496.3             33.4           -179.5 
        47       140     -9.07956e-06      1.74166e-04     -7.78459e-01        1354.00        2531.50      -1354       -849      -2531      -1524      -1103.56      -2033.31        386981      7.02228e-01          -1101.9          -2027.8           1003.6            497.5            -89.5 
        47       151      4.67184e-03     -1.26737e-03     -4.72256e-02         919.00        2547.50       -918       -841      -2547      -2253       -879.55      -2404.06         17590      6.48379e-01           -880.6          -2400.7            294.4             76.9            -89.4 
        47       155     -1.93104e-10      1.08623e-09      8.46472e-01        1345.00        2552.50      -1345       -841      -2551      -2494      -1093.44      -2523.05         26416      3.75417e-06          -1093.1          -2523.1            504.0             54.0              0.6 
        47       172      3.39818e-03     -7.83485e-04      3.38419e-01         922.00        2307.50       -922       -844      -2307      -1524       -883.38      -1922.27         43652      7.18508e-01           -884.0          -1915.9            783.3             74.8             90.5 
        48        60      5.67226e-12      1.72012e-11     -9.02445e-01         300.00       -2779.50       -300        204       2779       2833        -46.31       2806.79         26695      3.15504e-06            -48.0           2806.5            504.0             54.0             -0.0 
        48       135      2.47396e-04      3.79125e-04      4.43358e+00         300.00       -2779.50       -300       -173       2779       3597       -236.80       3187.95         82156      6.65398e-01           -236.5           3188.5            818.0            127.0             90.0 
        48       145      2.11764e-03     -2.23804e-03      6.02682e+00         -91.00       -3555.50         91        204       3555       3597        148.43       3576.53          3933      6.31772e-01            147.5           3576.5             42.0            113.0             90.0 
        48       163      2.63001e-04      7.75513e-04      4.02527e+00         300.00       -3551.50       -300       -176       3551       3597       -237.28       3574.31          4587      5.99018e-01           -238.0           3574.5             46.0            124.0             90.0 
        49        52      3.74577e-04     -1.42608e-03     -2.49164e+01       -1229.00        3529.50       1229       1721      -3529      -3445       1473.05      -3488.10         29253      7.31954e-01           1475.0          -3487.6            492.9             78.4             -0.7 
        49        79      7.93353e-04     -6.90955e-04     -2.01449e+01       -1231.00        3303.50       1232       1308      -3303      -2499       1270.21      -2906.76         42350      7.19509e-01           1270.1          -2901.8            804.1             70.4             89.4 
        49        96      6.25469e-04      1.58382e-04     -2.37858e+01       -1242.00        2534.50       1242       1734      -2534      -2499       1487.39      -2517.37         11085      7.12457e-01           1488.0          -2517.4            492.4             29.8             -0.7 
        49        97     -4.58212e-04     -1.04881e-03     -2.85472e+00       -1660.00        3286.50       1660       1745      -3286      -2505       1702.96      -2902.01         43636      7.05167e-01           1702.5          -2896.0            781.5             76.3            -90.7 
        49       113     -6.53015e-06     -2.21467e-04     -2.21734e+01       -1229.00        3505.50       1229       1734      -3505      -2499       1481.89      -3002.25        372218      7.26134e-01           1481.1          -3002.4           1000.0            493.7            -90.7 
        49       120     -6.33477e-04     -3.95253e-04     -4.17414e+00       -1229.00        3524.50       1229       1308      -3524      -3229       1268.30      -3377.67         17206      7.06769e-01           1268.6          -3376.8            294.9             77.7            -90.6 
        49       158      1.21646e-03     -7.00085e-04     -3.29046e+01       -1654.00        3306.50       1654       1745      -3306      -2505       1700.53      -2909.33         49827      7.34971e-01           1699.5          -2905.8            801.1             82.2            -90.7 
        49       171     -1.72779e-03     -1.77105e-03     -3.18876e+01       -1650.00        3529.50       1650       1736      -3529      -3252       1692.77      -3389.16         16779      7.25193e-01           1693.1          -3390.8            277.1             83.1            -90.7 
        49       179      2.75793e-10      2.53772e-09      2.53866e-01       -1229.00        3529.50       1229       1733      -3529      -3470       1479.66      -3499.91         25113      3.69889e-06           1481.0          -3499.8            504.5             54.0            179.3 
        49       193     -1.41010e-03     -2.48854e-03     -2.38173e+01       -1229.00        3524.50       1229       1301      -3523      -3250       1265.12      -3388.61         15260      7.19922e-01           1265.1          -3387.0            273.6             70.9            -90.5 
        50        55     -6.88827e-04      8.70836e-04     -6.07780e+00        2210.00       -1791.50      -2210      -2081       1791       2619      -2146.00       2203.05         75521      6.67951e-01          -2147.2           2205.6            827.2            117.2            -88.9 
        50        65     -1.87349e-03     -3.35910e-04     -5.32204e+00        2213.00       -2564.50      -2213      -2096       2564       2816      -2155.18       2691.05         22224      6.45726e-01          -2154.7           2690.6            251.1            114.3             90.9 
        50        75      1.06997e-17     -7.61652e-16      7.22656e-01        2604.00       -2754.50      -2604      -2100       2754       2816      -2352.05       2785.39         23131      1.18817e-14          -2351.8           2785.4            504.1             54.0              1.1 
        50       103     -1.72261e-17      5.72133e-16     -4.58588e-01        2585.00       -1784.50      -2585      -2081       1784       1845      -2335.59       1815.22           385      1.45582e-16          -2333.2           1815.4            504.1             54.0              1.1 
        50       138     -4.25197e-04      1.14392e-03      4.91755e+00        2601.00       -1784.50      -2601      -2454       1784       2609      -2528.40       2198.26         83436      6.74777e-01          -2527.5           2196.9            824.5            131.0             91.2 
        50       162      7.48703e-04     -1.55503e-03      1.54685e+01        2604.00       -2554.50      -2604      -2471       2554       2809      -2538.11       2682.34         25987      6.61617e-01          -2538.3           2682.0            253.9            129.4            -88.7 
        51        88      8.33163e-05      1.59212e-04     -8.96904e+00         484.00        2525.50       -484         10      -2525      -1521       -241.62      -2026.99        389426      6.93725e-01           -237.0          -2023.9           1003.8            493.6             90.1 
        51       111     -2.83077e-03      7.03482e-04     -4.79243e+00         483.00        2546.50       -483       -415      -2546      -2274       -448.50      -2407.80         14920      6.78084e-01           -449.0          -2410.5            272.0             68.0             90.0 
        51       126      6.58189e-04     -9.67803e-04     -3.64686e+00          54.00        2545.50        -54         21      -2545      -2251        -16.00      -2399.00         17343      6.70481e-01            -16.5          -2398.5            294.0             75.0             90.0 
        51       151     -2.98154e-03      9.03139e-06     -4.61715e+00         483.00        2546.50       -483       -413      -2546      -2251       -447.99      -2395.25         16658      6.54560e-01           -448.5          -2399.0            295.4             69.6            -89.7 
        51       164     -4.73340e-04     -8.95812e-04     -1.23244e+01          59.00        2545.50        -59         21      -2545      -2274        -18.64      -2407.62         15815      7.44307e-01            -19.0          -2410.0            271.0             80.0             90.0 
        51       172      1.85177e-03     -1.01865e-03     -4.51269e+00         484.00        2304.50       -484       -415      -2304      -1522       -450.21      -1921.44         43555      6.55918e-01           -450.0          -1913.6            782.0             68.3             90.2 
        51       183      2.27725e-08      9.98861e-09     -1.45898e+00         484.00        1576.50       -484         19      -1576      -1521       -235.39      -1548.36         14972      1.79685e-06           -232.5          -1549.0            503.1             54.0              0.1 
        51       195     -5.43809e-04      4.04442e-03     -5.08103e+00         484.00        1555.50       -484          8      -1555      -1521       -237.31      -1539.12         12843      7.60297e-01           -238.0          -1538.9            492.1             33.7              0.1 
        51       216     -1.92116e-04      1.86307e-03     -3.71611e+00         482.00        2546.50       -482         10      -2546      -2471       -243.42      -2509.50         28076      7.02211e-01           -236.0          -2509.0            492.2             74.2              0.1 
        52       113     -1.08490e-10     -7.41811e-10     -1.97277e+00       -1217.00        3505.50       1217       1721      -3505      -3445       1469.09      -3475.30         27093      7.62706e-06           1468.9          -3475.3            504.1             54.0             -0.7 
        52       120      4.13121e-03     -2.90869e-03      4.24099e-01       -1216.00        3600.50       1216       1306      -3600      -3445       1261.85      -3524.06         10741      7.55957e-01           1261.0          -3523.0            155.0             90.0             90.0 
        52       171     -8.07386e-03     -1.26107e-03     -2.34285e-01       -1649.00        3600.50       1649       1721      -3600      -3451       1685.01      -3528.23          8116      7.70604e-01           1685.0          -3526.0            149.0             72.0             90.0 
        52       179     -8.68219e-05      3.36854e-04      2.09370e+01       -1228.00        3600.50       1228       1721      -3600      -3470       1471.98      -3537.24         48084      7.00508e-01           1474.5          -3535.5            130.0            493.0             90.0 
        52       193      1.59710e-03     -3.00639e-03     -1.00879e+01       -1216.00        3600.50       1216       1299      -3600      -3445       1259.90      -3524.33          9881      7.58563e-01           1257.5          -3523.0            155.0             83.0             90.0 
        53       104      1.39580e-03      1.57697e-03      1.43957e+01        2219.00        3320.50      -2219      -2125      -3320      -2492      -2173.26      -2910.91         51397      7.61530e-01          -2173.9          -2906.4            827.2             82.6            -88.9 
        53       141     -1.85420e-17      8.68663e-16      8.47412e-01        2648.00        2358.50      -2648      -2144      -2358      -2295      -2396.21      -2327.11         26805      1.35505e-14          -2396.3          -2327.1            504.1             54.0           -178.8 
        53       143      3.02620e-04      1.26205e-03      1.02363e+01        2644.00        3328.50      -2644      -2559      -3328      -2502      -2602.38      -2916.67         44300      7.67768e-01          -2602.3          -2915.5            826.2             70.5            -88.8 
        54        61      6.75508e-03      6.94298e-04     -4.92187e+00        -455.00         129.50        455        586       -129        697        522.28        249.97         77474      8.43607e-01            520.7            284.0            827.1            130.0            -90.1 
        54       108      2.52934e-03     -1.98407e-04      3.20319e-01        -459.00        -643.50        459        587        643        894        522.82        772.05         24945      7.47117e-01            523.1            769.0            250.7            127.6             89.7 
        54       156     -7.31682e-04      1.30820e-03     -6.87437e-01        -832.00         131.50        832        962       -131        693        897.70        284.80         84546      7.01488e-01            897.6            280.6            825.0            126.5            -90.4 
        54       199     -1.60793e-03      3.47170e-04      5.52137e-01        -839.00        -638.50        839        963        638        892        901.56        764.31         26132      6.80130e-01            901.3            765.5            124.1            253.1            179.5 
        55        65     -2.61968e-10      7.00035e-10      2.29037e-01        2210.00       -2564.50      -2210      -1706       2564       2625      -1957.74       2595.26         26903      3.73863e-06          -1958.3           2595.2            504.1             54.0              0.9 
        55       103     -8.06745e-04     -4.39314e-05      1.27182e+00        2198.00       -1594.50      -2198      -2077       1594       1846      -2137.42       1718.78         23285      6.56135e-01          -2137.8           1720.6            117.2            251.1              1.1 
        55       196      6.38779e-04     -9.75798e-04      4.45607e+00        1832.00       -1798.50      -1832      -1694       1798       2625      -1762.81       2209.54         81707      6.81735e-01          -1764.3           2212.2            826.3            128.6            -89.1 
        56       173      1.11517e-16      9.80986e-16     -7.21603e-01        3601.00        3555.50      -3601      -3408      -3553      -3497      -3503.50      -3525.39          2508      4.07710e-15          -3504.9          -3525.7            193.9             54.0              1.8 
        57        98      1.08515e-02     -1.62685e-03      4.26846e+01         929.00        1104.50       -929       -903      -1104       -507       -916.40       -812.28          9942      8.26953e-01           -917.0           -806.0            597.2             22.3            -89.4 
        57       106      1.21419e-03     -1.85801e-03      3.13106e+01         929.00        1102.50       -929       -535      -1102       -504       -730.63       -803.54        186080      6.92015e-01           -732.2           -803.4            596.2            391.8            -89.6 
        57       121      4.40293e-04     -1.16958e-03     -2.71001e+00         928.00        1337.50       -928       -421      -1337       -528       -675.22       -931.66        320484      7.11504e-01           -675.2           -932.7            504.3            807.1              0.3 
        57       123      2.35010e-03     -2.74327e-04      2.36177e+00         928.00        1337.50       -928       -853      -1337       -554       -891.36       -952.98         41959      7.11219e-01           -891.3           -945.8            783.2             71.4             90.4 
        57       137      2.06694e-03     -1.07226e-03      9.35745e-01         928.00        1337.50       -928       -860      -1337       -533       -894.75       -939.78         40639      7.62602e-01           -895.0           -935.4            804.1             64.3             90.4 
        57       172     -3.28585e-10      3.55935e-09      3.35966e-01         924.00        1337.50       -924       -421      -1337      -1281       -672.30      -1309.16         27029      7.56390e-06           -672.5          -1309.2            503.3             54.0              0.3 
        57       183     -4.03505e-03     -2.12642e-05      1.11834e+00         488.00        1334.50       -488       -421      -1334       -552       -454.78       -947.96         38614      7.25733e-01           -454.9           -943.6            782.1             65.5             90.3 
        57       195     -3.14545e-03      2.74123e-04     -8.14017e+00         497.00        1334.50       -497       -421      -1334       -532       -459.72       -935.51         46743      7.20888e-01           -459.8           -933.5            802.4             74.8             90.3 
        57       201      4.42031e-03     -1.13729e-03      2.99512e+01         665.00        1104.50       -665       -422      -1104       -504       -543.07       -803.11        113236      6.81151e-01           -543.8           -804.3            599.9            241.2             90.3 
        58        62      8.61602e-04      1.88868e-03     -7.17383e+00       -3073.00         368.50       3073       3203       -368       -115       3139.16       -243.12         24450      7.89046e-01           3138.3           -242.2            125.1            250.8             -1.5 
        58        63     -1.63143e-03      2.10346e-03      1.25315e+01       -2694.00         361.50       2694       2831       -361       -106       2761.78       -233.85         25512      7.73768e-01           2762.9           -234.0            252.6            132.7             88.6 
        58        77      6.10406e-17      4.00721e-16      1.47440e+00       -2699.00         171.50       2700       3202       -171       -106       2953.69       -139.13          5085      1.71661e-15           2951.0           -139.3            504.1             54.0             -1.4 
        58       109     -1.28872e-03      9.06716e-04     -2.75545e-01       -3051.00        1141.50       3052       3198      -1141       -312       3126.07       -727.42         80871      7.84136e-01           3126.2           -727.2            827.5            127.6             88.4 
        58       117      4.21961e-04      4.22875e-04      4.52880e+01       -2675.00        1139.50       2675       3091      -1139       -562       2881.85       -852.13        176147      7.30478e-01           2883.5           -850.5            404.1            568.9            178.6 
        58       188      2.69946e-03     -5.88148e-05      3.69135e+01       -3012.00        1141.50       3012       3192      -1141       -566       3103.86       -852.23         73315      7.17873e-01           3101.8           -854.1            572.3            167.5            -91.4 
        59       153      3.60030e-11      1.37606e-10     -2.08448e+00       -1214.00        -829.50       1214       1718        829        888       1465.32        858.56         26552      3.46629e-06           1466.0            858.6            504.0             54.0            179.3 
        59       161     -1.04363e-10     -1.45719e-09      1.09592e+00       -1226.00       -1799.50       1226       1729       1799       1858       1478.27       1828.62         26689      3.25543e-06           1477.5           1828.6            503.7             54.0             -0.7 
        59       199     -6.76404e-04      9.82138e-04      6.57812e+00       -1214.00        -833.50       1214       1351        833       1659       1283.05       1242.01         83386      6.83439e-01           1282.5           1246.7            826.0            130.1            -90.5 
        60        91      5.72624e-11      9.46104e-10     -1.42292e+00         298.00       -1809.50       -298        205       1809       1863        -46.51       1836.49         26977      3.08361e-06            -46.5           1836.5             54.0            503.0             90.0 
        60       135     -2.01916e-03      1.53440e-04      5.46699e+00         300.00       -2581.50       -300       -173       2581       2833       -236.13       2706.32         25576      6.67947e-01           -236.5           2707.5            252.0            127.0             90.0 
        60       203     -2.22923e-03      1.86429e-04      4.55885e+00         300.00       -1809.50       -300       -170       1809       2634       -234.93       2222.42         82655      6.76673e-01           -234.8           2222.0            825.3            128.5             90.2 
        61       108      8.30092e-19     -1.26201e-16      2.13622e+00         -83.00        -643.50         83        586        643        698        331.89        671.14         22609      1.97409e-15            334.5            671.0            503.1             54.0             -0.1 
        61       192      1.27375e-02      3.05478e-05     -1.27253e+00         -81.00         325.50         81        206       -325        -76        141.68       -205.70         23646      9.06001e-01            143.5           -201.0            249.0            125.0             90.0 
        61       209     -1.12603e-10      1.76993e-09     -1.65766e+00         -81.00         326.50         81        584       -326       -271        332.77       -298.90         26134      3.59748e-06            332.5           -299.0            503.1             54.0            179.9 
        62        77     -1.19405e-04     -1.33042e-03      6.49299e+00       -3078.00         171.50       3078       3222       -171        657       3150.87        242.22         78857      7.68323e-01           3151.3            242.6            827.5            124.5             88.4 
        62        84      2.46238e-04      1.60729e-03      5.40329e+00       -3452.00         181.50       3452       3598       -181        646       3529.29        227.80         83101      7.64572e-01           3528.8            232.9            826.2            129.9             88.3 
        62       109      9.48677e-18      6.28837e-18      5.27756e-01       -3073.00         379.50       3073       3577       -379       -312       3324.07       -345.75         21693      1.36087e-15           3325.0           -345.8            504.1             54.0            178.4 
        62       167     -2.20906e-18     -3.34747e-17     -2.07993e-01       -3100.00        -590.50       3100       3598        590        657       3349.73        624.07         23354      5.53897e-16           3349.3            624.0            499.1             54.0            178.4 
        62       204     -4.49905e-04     -1.87217e-06      9.68299e+00       -3447.00         379.50       3447       3583       -379       -124       3515.19       -251.81         25793      7.69798e-01           3514.6           -251.9            252.2            130.3            -91.6 
        63        68     -2.27908e-11      1.32249e-09     -1.31434e+00       -2343.00        -608.50       2343       2848        608        672       2595.19        640.68         26977      5.19477e-06           2595.0            640.7            505.1             54.0            178.8 
        63        77      1.59235e-04     -1.09912e-03     -6.77393e+00       -2699.00         162.50       2699       2848       -162        664       2774.26        250.80         84219      7.49932e-01           2773.2            251.0            132.1            825.7             -1.2 
        63       139      4.82855e-04     -9.52477e-04      1.99147e+00       -2327.00         153.50       2327       2469       -153        672       2398.82        260.22         81786      7.32659e-01           2398.3            259.3            825.0            127.9             88.9 
        63       212     -1.43567e-03     -1.11970e-03      5.43605e+00       -2323.00         353.50       2323       2455       -353        -98       2389.29       -226.55         25183      7.41899e-01           2389.0           -225.8            128.5            253.3             -1.0 
        64        67      1.13041e-04      2.12359e-04      2.75245e+01       -1686.00        1366.50       1686       1769      -1366       -565       1728.64       -968.90         44736      7.40851e-01           1727.3           -965.7            801.0             74.3            -90.7 
        64        73      5.42895e-04      3.64092e-04      3.25787e+00       -1686.00        1366.50       1686       1758      -1366       -541       1722.99       -955.79         39001      7.83829e-01           1722.3           -953.6            825.1             63.6            -90.7 
        64       116      1.87248e-04     -1.85195e-04      2.66968e+01       -1691.00        1353.50       1691       2203      -1353       -539       1949.18       -942.05        312294      7.19455e-01           1947.1           -946.4            807.5            500.1             89.1 
        64       118      5.89387e-18      1.73201e-16     -4.41727e-01       -1686.00        1373.50       1686       2190      -1373      -1312       1938.13      -1342.81         23311      2.72970e-15           1938.0          -1342.7            504.9             54.0             -0.9 
        64       122      9.90287e-02     -3.26783e-03     -1.40358e+02       -1690.00        1110.50       1690       1701      -1110       -539       1695.67       -860.73          1437      1.05466e+00           1695.4           -825.0            571.1              5.0            -90.7 
        64       128     -1.35407e-03     -3.77455e-04      3.29813e+01       -1690.00        1119.50       1690       2076      -1119       -539       1882.58       -830.07        168436      7.65376e-01           1883.2           -829.4            379.1            575.9            179.1 
        64       148      3.40935e-03      2.66054e-04     -1.04641e+01       -2119.00        1373.50       2119       2203      -1373       -550       2162.05       -963.03         44380      7.63601e-01           2161.1           -961.8            822.9             71.5            -91.0 
        64       150     -2.99949e-04      4.32259e-04      2.85469e+01       -1691.00        1373.50       1691       2191      -1373      -1292       1941.26      -1333.43         28407      7.40753e-01           1940.8          -1332.9            499.8             73.7            179.1 
        64       212      5.08590e-04     -5.92678e-04      2.47714e+01       -1933.00        1119.50       1934       2203      -1119       -543       2068.94       -831.14        117564      7.56422e-01           2068.0           -831.2            261.9            572.9             -0.9 
        65        75     -3.42359e-04     -8.30251e-04      4.55425e+00        2226.00       -2761.50      -2226      -2100       2761       3589      -2163.40       3173.90         73365      6.55699e-01          -2163.2           3175.7            827.3            113.6             91.0 
        65       196      1.36867e-03      2.63910e-04      2.26169e+00        1834.00       -2570.50      -1834      -1706       2570       2823      -1771.09       2697.36         25325      6.58576e-01          -1770.9           2697.3            252.1            126.1            -89.1 
        65       211      2.57298e-05     -1.54866e-04      6.51954e-01        1845.00       -2768.50      -1845      -1710       2768       3595      -1777.27       3185.37         81113      6.76781e-01          -1778.5           3182.3            826.4            125.6            -89.1 
        66       131      1.07390e-03     -2.17247e-04     -5.22784e+01        3560.00        1158.50      -3560      -3131      -1158       -574      -3344.99       -863.41        182677      7.45753e-01          -3345.5           -866.6            414.6            573.7              1.6 
        66       190      1.32567e-03     -8.16608e-04     -5.19438e-01        3290.00        1145.50      -3290      -3131      -1145       -318      -3210.92       -730.83         86752      7.03976e-01          -3210.8           -732.0            823.9            139.3             91.5 
        66       197      3.83555e-04     -4.62883e-05      2.04586e+00        3601.00        1157.50      -3601      -3509      -1157       -329      -3560.72       -764.89         50795      6.94984e-01          -3555.0           -743.5            828.0             92.0             90.0 
        66       202      1.11130e-03      4.70769e-04     -5.14942e+01        3601.00        1160.50      -3601      -3482      -1160       -586      -3545.57       -876.59         49164      7.29443e-01          -3549.5           -873.5            119.3            571.1           -178.4 
        67        73      3.36184e-04      2.52106e-05     -2.43152e+01       -1253.00        1564.50       1253       1758      -1564       -559       1506.40      -1065.66        372822      7.37770e-01           1505.6          -1062.3            999.9            494.2            -90.7 
        67        96     -1.99617e-04      1.47114e-03     -1.88796e+01       -1253.00        1589.50       1253       1746      -1589      -1505       1502.86      -1546.60         29459      7.11328e-01           1499.8          -1547.3            493.3             78.4            179.3 
        67       116      3.19103e-03     -5.25955e-04     -6.40264e+00       -1691.00        1346.50       1691       1769      -1346       -565       1730.74       -959.09         38800      7.20906e-01           1730.1           -956.0            781.4             69.1            -90.7 
        67       118     -4.06054e-03     -4.66164e-04     -2.13435e+01       -1682.00        1589.50       1682       1760      -1589      -1312       1721.70      -1453.92         15906      7.50414e-01           1720.9          -1450.7            277.0             75.3            -90.7 
        67       122     -1.08472e-03     -1.38727e-03      3.07857e+00       -1259.00        1110.50       1259       1701      -1110       -559       1480.20       -837.18        177885      7.47700e-01           1479.8           -835.4            546.6            436.0             89.3 
        67       128      1.37247e-03     -6.37723e-04      5.45618e-01       -1565.00        1115.50       1565       1769      -1115       -563       1667.80       -837.85         82063      7.14992e-01           1666.9           -839.4            198.2            549.9             -0.7 
        67       150     -3.31181e-03     -9.37548e-04      4.52119e+00       -1687.00        1589.50       1687       1760      -1589      -1292       1723.61      -1442.60         15448      7.33860e-01           1724.1          -1440.9            296.5             70.0             89.1 
        67       159     -1.63675e-03     -1.36542e-03     -1.65348e+01       -1253.00        1583.50       1253       1319      -1583      -1310       1286.66      -1446.26         13704      7.39986e-01           1285.9          -1447.0            273.5             65.0            -90.5 
        67       176     -1.88118e-03     -4.12860e-04     -1.66989e+00       -1253.00        1583.50       1253       1325      -1583      -1289       1290.04      -1434.54         15542      6.94142e-01           1288.9          -1436.5            294.5             70.9            -90.4 
        67       187     -1.31257e-03      3.59077e-04      1.52915e+01       -1259.00        1108.50       1259       1331      -1108       -559       1295.66       -834.49         27991      7.92831e-01           1295.1           -834.2            548.8             68.2            -90.5 
        67       215      1.85879e-03     -4.08640e-04     -6.62588e+00       -1256.00        1342.50       1256       1332      -1342       -559       1294.26       -954.27         39204      6.92313e-01           1294.6           -951.4            783.1             68.6             89.3 
        68        77      7.67145e-04     -8.66084e-04     -7.39942e+00       -2718.00        -608.50       2718       2852        608        863       2785.00        736.25         24982      7.29163e-01           2784.8            736.0            252.7            129.7            -91.2 
        68        82     -1.30905e-03     -2.65749e-04      7.91631e+00       -2347.00        -816.50       2347       2487        816       1642       2417.28       1229.37         81172      7.07313e-01           2416.8           1229.3            125.7            825.1            179.0 
        68       139      1.91166e-04     -1.24485e-03      4.20647e+00       -2343.00        -616.50       2343       2473        616        871       2407.58        745.57         24893      6.98331e-01           2407.6            744.1            126.5            253.3             -1.0 
        69        87     -2.91283e-04      3.57626e-04      2.11440e+01        1344.00        3600.50      -1344      -1264      -3600      -3447      -1303.74      -3524.36          9127      7.42783e-01          -1304.2          -3524.4            153.2             79.3             90.7 
        69       104     -2.69783e-03      1.69081e-03      5.33107e+00        1772.00        3510.50      -1772      -1700      -3510      -3258      -1736.38      -3384.97         13254      7.48019e-01          -1735.8          -3383.9            251.8             70.0             90.7 
        69       107      2.41921e-17     -1.57594e-15      1.47057e+00        1772.00        3311.50      -1772      -1268      -3303      -3260      -1519.71      -3282.19         14519      1.42929e-14          -1519.8          -3282.2            504.1             54.0              0.7 
        69       110     -1.60070e-04      9.43570e-04      2.35996e+01        1346.00        3501.50      -1346      -1265      -3501      -3252      -1305.88      -3378.46         14493      7.47805e-01          -1306.1          -3377.1            249.4             79.2            -89.3 
        69       115     -5.41681e-03      2.09725e-04     -4.03935e+00        1769.00        3600.50      -1769      -1698      -3600      -3455      -1734.46      -3527.99          7945      7.06059e-01          -1734.0          -3528.5             70.5            145.1              0.9 
        69       155     -4.83526e-04      7.11658e-04      2.46754e+01        1338.00        3522.50      -1338      -1265      -3522      -3252      -1300.85      -3389.05         14033      7.35091e-01          -1301.7          -3387.3            269.9             70.7            -89.3 
        70       109     -1.33373e-03      9.13036e-05     -4.05865e+01       -3448.00        1153.50       3449       3570      -1153       -580       3509.35       -869.69         46632      7.22379e-01           3508.9           -866.9            107.8            570.5            178.4 
        70       169      1.86009e-03     -7.35782e-04     -3.41564e+00       -3434.00        1605.50       3434       3509      -1605      -1354       3471.73      -1480.83         12994      7.46216e-01           3471.4          -1479.8            250.6             69.3            -91.6 
        70       188     -7.31844e-04     -4.96504e-04      7.11864e+00       -3440.00        1408.50       3441       3529      -1408       -580       3486.01       -988.85         40933      6.75204e-01           3485.1           -994.9            827.7             68.3            -91.6 
        70       204      1.47779e-03     -8.17535e-04     -4.33842e+01       -3448.00        1152.50       3449       3598      -1152       -580       3526.72       -872.62         62796      7.03387e-01           3527.5           -866.5            570.2            150.1             89.1 
        71       161     -1.31709e-10      1.51559e-09     -1.32833e+00       -1237.00       -2769.50       1237       1741       2769       2828       1489.44       2798.73         27013      3.69870e-06           1489.2           2798.7            504.1             54.0            179.3 
        71       168      2.27116e-03     -3.40818e-04     -3.53103e+00       -1634.00       -3540.50       1634       1750       3540       3597       1692.49       3568.87          5575      6.92147e-01           1692.0           3569.0             57.0            116.0             90.0 
        71       178     -4.90011e-04      9.65510e-04      1.94433e+00       -1237.00       -2773.50       1237       1368       2773       3597       1303.29       3183.49         79449      6.91682e-01           1302.5           3185.9            824.2            124.2            -90.5 
        71       210      6.26731e-04      5.38091e-04     -4.32929e+00       -1623.00       -2769.50       1623       1750       2769       3594       1687.49       3183.04         78143      6.96294e-01           1686.5           3182.0            825.2            118.9            -90.7 
        72       152      1.65269e-03     -7.23585e-04      4.99473e+00        3512.00        2581.50      -3512      -3438      -2581      -2327      -3475.06      -2457.99         12835      8.16847e-01          -3475.4          -2454.6            252.7             68.3             91.7 
        72       173     -2.44129e-09     -1.03589e-10      3.95892e-01        3601.00        2584.50      -3601      -3438      -2584      -2526      -3520.00      -2555.45          8793      6.45632e-06          -3520.1          -2555.4            163.6             54.0              1.8 
        72       217     -3.97148e-03     -1.62017e-03     -1.69959e+01        3533.00        2382.50      -3533      -3445      -2382      -1556      -3489.81      -1964.09         41085      8.09164e-01          -3489.1          -1969.6            825.7             67.3             91.6 
        73        96     -1.52803e-10     -1.38238e-09      2.47373e+00       -1242.00        1564.50       1242       1746      -1564      -1505       1494.71      -1535.14         27033      7.39267e-06           1494.2          -1535.1            504.4             54.0            179.3 
        73       116     -6.30357e-04     -6.93841e-04      2.37385e+01       -1691.00        1346.50       1691       1758      -1346       -541       1725.66       -945.15         34525      7.88136e-01           1725.4           -943.8            805.5             58.3            -90.8 
        73       118     -5.07707e-03     -1.07258e-03      3.41458e+00       -1682.00        1564.50       1682       1749      -1564      -1312       1716.23      -1441.35         12447      7.95517e-01           1716.0          -1438.5            253.0             64.3             89.1 
        73       122     -1.61179e-03     -1.36250e-03      2.77152e+01       -1249.00        1110.50       1249       1701      -1110       -535       1473.27       -820.41        197402      7.61379e-01           1474.3           -823.1            447.3            571.0            179.3 
        73       128      4.64599e-04     -6.47423e-04      2.57561e+01       -1565.00        1114.50       1565       1758      -1114       -539       1662.92       -826.09         82292      7.54099e-01           1662.0           -827.1            573.9            187.6            -90.8 
        73       150     -3.76866e-03     -8.19808e-04      2.94371e+01       -1688.00        1564.50       1688       1749      -1564      -1292       1718.60      -1432.12         11844      7.58122e-01           1718.5          -1428.7            272.3             59.0            -90.7 
        73       159     -6.18902e-04     -3.43660e-04      7.43718e+00       -1242.00        1559.50       1242       1319      -1559      -1309       1282.04      -1436.77         14227      7.82637e-01           1280.7          -1434.6            249.7             75.6             89.5 
        73       176      1.22603e-03     -6.48801e-04      1.77624e+01       -1242.00        1559.50       1242       1325      -1559      -1289       1284.24      -1424.15         16499      7.27017e-01           1283.8          -1424.3            270.3             81.5             89.5 
        73       187     -1.68789e-04      2.68755e-04      3.76233e+01       -1249.00        1108.50       1249       1331      -1108       -535       1290.40       -822.00         34745      7.78171e-01           1289.8           -822.0            573.1             79.1            -90.5 
        73       215      1.97796e-03     -1.64408e-04      1.73955e+01       -1246.00        1342.50       1246       1332      -1342       -535       1288.42       -941.51         47187      7.39888e-01           1289.1           -939.2            807.6             79.8             89.3 
        74       136     -5.62023e-03     -7.92972e-04     -7.55955e+00        2251.00        1380.50      -2251      -2164      -1380       -552      -2208.91       -961.83         47177      8.07209e-01          -2208.3           -966.4            827.1             74.8             91.1 
        74       141      1.29301e-10     -3.55959e-09     -1.44070e-01        2668.00        1388.50      -2668      -2164      -1388      -1325      -2415.50      -1357.17         27028      7.62030e-06          -2415.7          -1357.2            504.1             54.0           -178.9 
        74       175      2.04833e-03      2.33809e-03      6.61911e+01        2683.00        1132.50      -2683      -2389      -1132       -555      -2546.68       -824.78        117039      8.46446e-01          -2536.6           -843.7            573.1            283.8            -88.7 
        74       205      5.10716e-04      2.08246e-03      5.59813e+01        2539.00        1125.50      -2539      -2169      -1125       -550      -2346.88       -816.91        153117      8.22423e-01          -2354.0           -838.2            360.3            569.1           -178.9 
        75       114      3.56704e-03      1.27338e-03      1.39969e+01        2619.00       -3524.50      -2619      -2493       3524       3597      -2556.13       3561.09          6903      6.62748e-01          -2556.0           3561.0             73.0            126.0             90.0 
        75       162      3.53911e-04      1.16516e-03      5.97147e+00        2619.00       -2754.50      -2619      -2476       2754       3580      -2548.48       3162.28         82920      6.67833e-01          -2548.6           3166.9            824.6            128.3            -88.7 
        76        80      3.32314e-03     -3.64723e-03     -7.20105e+00         491.00        3600.50       -491       -407      -3600      -3442       -448.81      -3519.42         10291      7.15326e-01           -449.0          -3521.5            158.0             84.0             90.0 
        76       102      2.08473e-04     -1.18069e-03      2.69962e+00          55.00        3600.50        -55         12      -3600      -3442        -21.62      -3522.44          8840      6.90261e-01            -21.5          -3521.5            158.0             67.0             90.0 
        76       194     -9.39869e-04     -3.45889e-03     -9.60279e+00         491.00        3600.50       -491       -409      -3600      -3442       -449.62      -3520.59         10129      7.37992e-01           -450.0          -3521.5            158.0             82.0             90.0 
        76       216      2.33476e-10      1.24382e-10     -9.72219e-01         491.00        3496.50       -491         12      -3496      -3442       -239.30      -3469.07         27124      7.50099e-06           -239.5          -3469.5             54.0            503.0             90.0 
        77       167     -4.54835e-04      4.22296e-04     -4.28501e+00       -3100.00        -601.50       3100       3227        601        853       3163.46        726.49         23372      7.41550e-01           3163.2            727.5            250.8            122.1            -91.4 
        78        90     -9.27541e-05      2.85242e-04      3.23339e+00        2936.00        -605.50      -2936      -2811        605        860      -2873.74        731.94         23187      6.69457e-01          -2874.0            733.0            252.7            120.9            -88.5 
        78        93     -5.55092e-04      1.30550e-03      2.88490e+00        3320.00        -594.50      -3320      -3181        594        850      -3247.44        723.54         24718      7.04783e-01          -3250.9            722.7            254.5            133.8            -88.4 
        78       129      2.44623e-18     -1.10589e-16      3.27721e-01        3320.00        -794.50      -3320      -2816        794        860      -3067.82        827.57         23382      1.72736e-15          -3068.1            827.4            504.1             54.0              1.5 
        78       190      1.90683e-08      1.92281e-07      3.59998e-01        3295.00         175.50      -3295      -2791       -175       -109      -3043.26       -142.34         27196      1.14893e-03          -3043.3           -142.3            504.1             54.0           -178.5 
        79        96      2.81423e-03      1.15984e-03     -6.31984e+00       -1229.00        2529.50       1230       1310      -2529      -2279       1271.29      -2404.10         15355      8.05897e-01           1270.2          -2404.7            249.6             79.3             89.3 
        79       113     -1.23282e-03      4.94315e-04     -1.37101e+00       -1220.00        3303.50       1220       1308      -3303      -2475       1265.09      -2898.14         50728      7.79696e-01           1264.1          -2889.7            828.5             82.0            -90.5 
        79       120      4.87911e-04      1.94520e-03      1.87300e+01        -804.00        3303.50        804       1301      -3303      -3225       1053.70      -3264.69         28405      7.20445e-01           1052.5          -3264.7            497.6             74.6             -0.5 
        79       142      2.26494e-03     -3.21744e-03      1.58449e+00        -804.00        2549.50        804        886      -2549      -2275        846.16      -2412.52         16743      7.59513e-01            845.1          -2412.5            273.7             81.2            -90.3 
        79       146      3.50145e-03     -3.83343e-03     -1.59396e+01        -804.00        2528.50        805        873      -2527      -2275        839.42      -2402.38         13161      7.99912e-01            839.0          -2402.0            252.6             68.6             89.7 
        79       159     -3.83093e-10     -1.91153e-09      3.54147e-01        -806.00        2333.50        806       1310      -2333      -2275       1058.59      -2304.81         27150      7.23927e-06           1058.0          -2304.8            504.4             54.0             -0.5 
        79       176     -5.22809e-04      2.15782e-03      1.88588e+01        -813.00        2313.50        813       1310      -2312      -2276       1058.66      -2294.50         12782      7.28185e-01           1061.5          -2294.5            497.3             33.5            179.5 
        79       180      6.91478e-03      2.08729e-03      6.85242e+00        -798.00        3299.50        798        885      -3299      -2495        845.41      -2851.69         44926      1.03458e+00            841.5          -2897.5            804.4             83.6            -90.3 
        79       193     -3.42328e-18     -6.93998e-16     -7.53326e-01        -798.00        3303.50        798       1301      -3303      -3246       1049.73      -3274.96         25798      1.08385e-14           1049.5          -3275.0            503.5             54.0            179.5 
        79       206      3.74465e-03      2.42387e-04     -1.13566e+01        -798.00        3299.50        798        872      -3299      -2474        838.49      -2847.56         40497      1.02193e+00            835.2          -2887.0            825.4             71.0            -90.3 
        80        87     -2.46512e-03      7.74016e-04      2.90733e-01         912.00        3600.50       -912       -839      -3600      -3443       -876.63      -3521.95          8938      7.31846e-01           -875.5          -3522.3            157.2             72.5            -89.5 
        80       110     -1.98876e-03      1.45122e-03      3.40297e+00         913.00        3497.50       -913       -840      -3497      -3223       -877.20      -3361.81         15458      7.31011e-01           -876.7          -3360.7            273.9             72.4             90.4 
        80       111      3.31110e-04     -2.45276e-03     -8.80063e+00         913.00        3300.50       -913       -411      -3300      -3221       -662.01      -3260.71         30123      7.03248e-01           -661.9          -3260.9            502.3             77.1           -179.7 
        80       151      2.53263e-18     -1.26743e-16      1.06726e+00         913.00        3277.50       -913       -409      -3277      -3221       -659.23      -3249.56         19635      1.99727e-15           -661.0          -3249.4            504.3             54.0              0.3 
        80       155      2.21542e-04      1.73312e-03      8.58962e+00         913.00        3518.50       -913       -832      -3518      -3223       -872.32      -3373.00         17972      6.98987e-01           -872.7          -3371.0            294.6             80.3             90.4 
        80       194      2.78753e-04     -6.05592e-04     -3.02208e+00         913.00        3600.50       -913       -409      -3600      -3244       -660.99      -3424.59        139992      6.97228e-01           -660.9          -3423.6            503.2            356.5              0.3 
        80       216     -8.41108e-03      1.64082e-03     -3.10653e+00         491.00        3496.50       -491       -408      -3496      -3221       -449.75      -3359.32         18053      7.04446e-01           -449.5          -3359.0            275.0             83.0             90.0 
        81        85      1.56960e-03     -1.77771e-03      1.19496e+00        1058.00        -836.50      -1058       -923        836       1663       -990.08       1253.44         83781      6.59207e-01           -991.0           1250.4            827.0            129.7            -89.4 
        81        89     -1.52175e-10      2.40797e-10     -8.75051e-01        1424.00        -636.50      -1424       -921        636        693      -1170.85        664.99         26851      3.59239e-06          -1172.5            665.0            503.5             54.0           -179.4 
        81       100      3.81204e-04      1.64018e-03     -5.90319e+00        1427.00        -636.50      -1427      -1303        636        888      -1362.78        763.38         23406      6.80408e-01          -1364.7            762.1            252.1            122.1            -89.2 
        81       207      1.42611e-10      2.35460e-09     -4.61811e-02        1434.00       -1606.50      -1434       -930       1606       1663      -1181.78       1635.02         27078      3.77500e-06          -1182.0           1635.0            504.2             54.0              0.6 
        82       139     -2.11144e-10      3.76093e-11     -9.56476e-01       -1969.00        -816.50       1969       2473        816        878       2220.36        847.17         26582      3.48832e-06           2220.7            847.2            504.0             54.0            179.0 
        83       134     -6.73096e-07     -7.06750e-05     -1.53539e+00       -2952.00        3348.50       2996       3416      -3317      -3313       3206.00      -3315.50             5      1.41483e-15           3203.8          -3315.4            504.0             54.0            178.4 
        83       147     -6.05610e-04      8.69114e-04     -1.68763e-01       -3380.00        3348.50       3380       3477      -3348      -2520       3429.48      -2930.15         45521      7.17266e-01           3429.7          -2934.6            827.8             75.7             88.3 
        83       169      5.44786e-17      1.32977e-15      1.33165e+00       -2978.00        2378.50       2978       3483      -2378      -2312       3229.95      -2345.43         23247      2.08899e-14           3230.3          -2345.4            504.1             54.0            178.4 
        83       184      3.54530e-04      2.54891e-04      2.15833e+00       -2973.00        2564.50       2973       3050      -2564      -2312       3011.73      -2437.25         13369      6.87303e-01           3011.4          -2438.2            251.5             73.2            -91.3 
        83       198      2.73570e-04     -1.18780e-03     -1.23631e+00       -2952.00        3337.50       2952       3046      -3337      -2509       3000.17      -2863.69         35522      8.41801e-01           2998.7          -2923.2            826.8             75.7            -91.3 
        84       167      1.37221e-03      2.01022e-03     -1.34609e+01       -3477.00        -590.50       3477       3598        590        845       3540.68        719.11         23434      7.49989e-01           3540.7            717.9            121.6            252.2            178.4 
        84       204      3.19916e-10      9.37232e-09      1.87872e+00       -3452.00         181.50       3452       3598       -181       -124       3525.68       -153.28          7780      7.61643e-06           3525.8           -153.2            146.1             54.0             -1.8 
        84       213     -9.08439e-11      6.10650e-09      8.12686e-01       -3483.00        -788.50       3483       3598        788        845       3541.01        816.77          6192      7.62865e-06           3541.1            816.9            115.6             54.0            178.2 
        85       127     -2.53669e-03      4.23804e-04     -9.98720e+00         672.00        -839.50       -672       -548        839       1663       -610.73       1254.20         79494      6.99882e-01           -611.6           1251.4            824.0            122.5            -89.6 
        85       203     -1.36346e-05      1.94211e-03     -7.30568e+00         673.00       -1609.50       -673       -553       1609       1863       -612.44       1736.73         24559      6.53413e-01           -613.3           1736.4            254.0            119.4            -89.6 
        85       207      5.80930e-05      1.42057e-03      9.40139e-01        1058.00       -1609.50      -1058       -930       1609       1860       -993.06       1732.70         25249      6.48363e-01           -994.0           1735.0            251.0            128.0             90.0 
        86       135      5.53211e-04      2.22474e-04     -4.84321e+00         680.00       -2779.50       -680       -561       2779       3597       -620.39       3188.18         74491      6.38489e-01           -621.9           3188.7            818.4            116.8            -89.6 
        86       144     -3.67314e-03      5.11413e-03     -2.22519e+01        1070.00       -3550.50      -1070       -949       3550       3597      -1009.79       3574.52          4534      6.22460e-01          -1009.5           3574.0             47.0            121.0             90.0 
        86       163      1.30844e-03      1.30679e-03     -7.31237e+00         680.00       -3550.50       -680       -566       3550       3597       -622.62       3574.37          4251      6.41549e-01           -623.0           3574.0             47.0            114.0             90.0 
        86       174     -2.13264e-03      2.19805e-04     -1.99035e+00        1070.00       -2776.50      -1070       -942       2776       3597      -1006.42       3183.83         81053      6.28774e-01          -1006.5           3187.5            821.0            124.0             90.4 
        87       110     -3.38690e-09      1.64411e-08      2.90608e-01        1344.00        3501.50      -1344       -840      -3501      -3443      -1088.38      -3472.87         23164      3.65759e-06          -1091.8          -3472.7            504.1             54.0              0.5 
        87       155      7.68529e-05      7.41450e-04      5.28479e+00        1336.00        3522.50      -1336       -840      -3522      -3443      -1086.31      -3483.80         27954      7.00805e-01          -1087.7          -3482.9            496.2             74.7           -179.4 
        87       194      2.61055e-03     -1.37923e-03     -3.33712e+00         914.00        3600.50       -914       -839      -3600      -3443       -876.92      -3522.72          9118      7.48086e-01           -876.4          -3522.2            157.1             74.3             90.5 
        88       111     -3.70581e-03      1.37886e-03      5.71472e+00         494.00        2525.50       -494       -415      -2525      -2274       -454.32      -2399.34         16465      6.96760e-01           -454.3          -2400.0            251.4             78.8             90.3 
        88       126      1.58611e-03     -1.26911e-03      5.09529e+00          54.00        2524.50        -54         10      -2524      -2251        -21.46      -2385.55         13270      7.82584e-01            -22.0          -2388.0             64.0            273.0             -0.0 
        88       151     -3.83150e-03      4.99417e-04      5.50225e+00         494.00        2525.50       -493       -413      -2525      -2251       -453.64      -2387.33         17796      6.52076e-01           -453.8          -2388.5            274.5             80.0             90.3 
        88       164      2.11515e-03     -1.47174e-03     -4.20918e+00          59.00        2524.50        -58         10      -2524      -2274        -23.46      -2399.87         13671      7.36041e-01            -24.5          -2399.5             69.0            250.0             -0.0 
        88       172     -1.17613e-03     -1.31296e-03      2.91507e+00         495.00        2304.50       -495       -415      -2304      -1502       -455.32      -1911.73         50547      6.74280e-01           -456.1          -1903.5            802.5             78.8            -89.7 
        88       183      7.40535e-04     -1.78471e-03      5.16176e+00         485.00        1576.50       -485          8      -1576      -1501       -237.48      -1539.61         27887      7.52850e-01           -238.4          -1538.9            493.0             74.3           -179.9 
        88       195     -1.38322e-10      8.95029e-11     -1.97910e+00         495.00        1555.50       -495          8      -1555      -1501       -243.27      -1528.79         27036      7.42351e-06           -243.5          -1528.5             54.0            503.0             90.0 
        88       216     -1.21818e-10     -6.57714e-10      9.87999e-01         493.00        2525.50       -493         10      -2525      -2471       -242.02      -2498.85         27072      7.49822e-06           -241.5          -2498.5             54.0            503.0             90.0 
        89        98     -5.56036e-05      2.24500e-03     -1.28889e+00        1415.00         333.50      -1400      -1077       -312       -304      -1238.50       -308.50             2      1.33227e-15          -1162.8           -305.0            504.0             54.0              0.6 
        89       100     -4.39291e-04     -4.74627e-04     -4.78311e+00        1425.00         136.50      -1424      -1292       -136        690      -1358.56        279.83         78001      6.94109e-01          -1359.7            277.2            826.2            124.8            -89.3 
        89       106      6.24720e-04     -1.14446e-03     -4.10124e+00        1046.00         330.50      -1045       -911       -330        -79       -977.76       -205.12         26532      6.50299e-01           -978.5           -204.6            251.1            133.3            -89.4 
        89       165      5.75572e-04      6.59587e-04     -2.49853e+00        1417.00         333.50      -1417      -1290       -333        -81      -1352.51       -207.34         24753      6.78720e-01          -1353.4           -207.8            252.1            125.1             90.6 
        90       103      6.70610e-04     -9.28117e-04     -4.70107e+00        2581.00        -814.50      -2581      -2432        814       1640      -2507.63       1224.47         85856      6.66415e-01          -2506.9           1227.0            824.4            134.1             91.1 
        90       124      1.87207e-03     -8.48888e-04     -2.25232e+00        2566.00        -614.50      -2566      -2428        614        869      -2497.29        742.81         27173      6.50187e-01          -2497.5            742.1            253.9            134.6             91.2 
        90       129     -4.00161e-04     -1.38416e-03     -3.36517e+00        2954.00        -804.50      -2954      -2816        804       1631      -2885.32       1216.55         75434      6.78789e-01          -2885.9           1218.0            825.6            120.3             91.4 
        90       138     -1.10079e-10     -1.05324e-09      2.18191e-01        2954.00       -1575.50      -2954      -2450       1575       1640      -2701.99       1607.85         26957      3.79612e-06          -2701.7           1607.9            504.1             54.0              1.3 
        91       108     -8.36513e-04      1.92415e-03     -7.03987e+00         -83.00        -840.50         83        205        840       1668        145.79       1303.12         67738      8.58393e-01            144.0           1254.5            828.0            122.0             90.0 
        91       127      1.24562e-03      1.35173e-03      1.58114e+00         299.00        -839.50       -299       -166        839       1664       -230.65       1263.92         83725      7.44265e-01           -233.4           1252.0            825.5            132.5            -89.8 
        91       203     -4.76781e-03      7.33914e-04      4.38061e+00         299.00       -1611.50       -299       -169       1611       1862       -233.99       1736.88         25204      6.60732e-01           -234.0           1737.0            251.0            130.0             90.0 
        92       102      2.57230e-03     -3.67468e-03      1.08457e+00        -362.00        3600.50        362        448      -3600      -3442        406.27      -3521.88         10725      6.72563e-01            405.0          -3521.5            158.0             86.0             90.0 
        92       120     -3.00306e-03     -3.48773e-03      5.32152e+00        -802.00        3600.50        802        867      -3600      -3444        834.02      -3523.46          7987      7.54820e-01            834.5          -3522.5            156.0             65.0             90.0 
        92       132     -1.12435e-03     -2.27827e-03      7.24593e+00        -375.00        3600.50        375        867      -3600      -3463        620.11      -3532.52         53302      6.97070e-01            621.0          -3532.0            137.0            492.0             90.0 
        92       180     -1.17645e-03     -1.09948e-05      1.11744e+01        -376.00        3519.50        376        867      -3519      -3442        621.08      -3481.27         29557      6.98287e-01            621.5          -3480.9            491.3             75.2            179.7 
        92       193     -4.54546e-03     -2.63653e-03     -3.86721e+00        -795.00        3600.50        795        867      -3600      -3444        830.56      -3523.20          8417      7.60804e-01            831.0          -3522.5            156.0             72.0             90.0 
        92       206     -1.97903e-10     -2.97763e-10     -4.36725e+00        -363.00        3498.50        363        867      -3498      -3442        614.77      -3470.34         27134      6.81070e-06            615.0          -3470.3            504.3             54.0             -0.3 
        93       129      8.06812e-04     -6.25361e-04     -2.22242e+00        3340.00        -794.50      -3340      -3187        794       1620      -3262.98       1206.21         82268      6.92245e-01          -3263.3           1207.6            823.9            133.2             91.5 
        93       154     -2.74982e-03     -2.01784e-03     -8.73400e+00        3601.00        -585.50      -3601      -3564        585        837      -3585.21        702.98          6514      6.73022e-01          -3582.5            711.5            252.0             37.0             90.0 
        93       182      2.21493e-10     -1.44853e-09     -1.68457e-01        3601.00       -1556.50      -3601      -3209       1556       1620      -3405.30       1588.50         21080      3.61163e-06          -3405.3           1588.5            393.0             54.0              1.6 
        94       160      8.86208e-18      2.73260e-16      1.46210e-01       -2770.00       -2737.50       2770       3274       2737       2802       3022.04       2770.35         24232      4.26951e-15           3022.1           2770.4            504.1             54.0            178.6 
        94       181      1.19331e-03      6.49377e-05     -2.26208e+00       -2765.00       -2548.50       2765       2893       2548       2802       2830.15       2675.66         25130      7.03165e-01           2828.9           2675.8            124.0            252.6            178.8 
        94       214     -6.76625e-04     -1.94318e-03     -5.08781e-01       -3152.00       -2540.50       3152       3274       2540       2793       3214.80       2666.27         23531      7.18983e-01           3213.5           2667.4            117.0            250.9            178.5 
        95       106     -1.14714e-03     -3.04518e-04      2.69724e+00         667.00         330.50       -666       -540       -330        -76       -602.58       -203.52         26330      6.47174e-01           -603.4           -203.6            254.0            126.3             90.3 
        95       127     -2.26886e-11     -1.49285e-09     -2.34816e-01         669.00        -639.50       -669       -165        639        694       -416.82        667.06         26992      5.20812e-06           -416.9            667.1            504.0             54.0              0.2 
        95       192     -3.12212e-03     -1.72179e-03     -9.67576e+00         297.00         328.50       -297       -162       -328        -77       -229.34       -205.66         26743      7.59262e-01           -229.5           -203.0            251.0            135.0             90.0 
        95       201     -7.12540e-11     -9.29850e-10     -2.57238e-01         666.00         330.50       -666       -162       -330       -275       -413.58       -302.85         27112      3.70726e-06           -414.0           -302.9            504.1             54.0              0.2 
        96        97      4.92625e-03      4.07525e-04      1.48241e+01       -1672.00        2534.50       1672       1737      -2534      -2262       1705.81      -2396.81         12445      7.67101e-01           1704.5          -2398.7            272.3             62.3            -90.7 
        96       113      3.67096e-17      3.85965e-15      1.72453e+00       -1229.00        2534.50       1229       1734      -2534      -2475       1480.87      -2505.18         22392      6.02928e-14           1481.8          -2505.2            505.1             54.0            179.3 
        96       118      1.98249e-03     -4.20484e-04     -1.01890e+01       -1670.00        2336.50       1670       1746      -2336      -1511       1708.86      -1926.77         42692      7.67467e-01           1708.6          -1923.6            825.1             67.1            -90.8 
        96       150      3.91979e-03     -7.54661e-04      1.37355e+01       -1676.00        2316.50       1676       1746      -2316      -1511       1711.65      -1917.24         37353      7.63419e-01           1711.1          -1913.8            805.5             61.6            -90.7 
        96       158     -4.46651e-04     -1.37749e-03     -8.47082e+00       -1666.00        2534.50       1666       1736      -2534      -2282       1702.50      -2406.17         12868      8.10462e-01           1701.5          -2408.5            252.8             68.1            -90.7 
        96       159     -1.55865e-03     -1.13721e-03      5.05171e+00       -1232.00        2333.50       1232       1317      -2333      -1505       1276.22      -1924.14         49110      7.95365e-01           1275.7          -1919.6            828.5             78.5            -90.7 
        96       176      2.34876e-05     -7.27692e-04      1.69064e+01       -1232.00        2313.50       1232       1323      -2313      -1505       1278.11      -1914.09         51321      7.44724e-01           1279.3          -1909.2            807.7             84.9             89.3 
        97       101     -1.03965e-03      6.80527e-04     -2.61358e+01       -2080.00        3293.50       2080       2176      -3293      -2490       2129.82      -2894.95         49655      7.29070e-01           2129.6          -2892.1            803.5             83.6             88.8 
        97       112     -3.20019e-04      4.75822e-04     -2.85867e+01       -2095.00        2544.50       2095       2179      -2544      -2269       2138.50      -2407.91         16461      7.18593e-01           2137.9          -2407.0            274.8             80.5             88.8 
        97       113      9.63995e-04      1.10691e-03     -1.94109e+01       -1660.00        3286.50       1660       1734      -3286      -2481       1697.87      -2892.37         38551      7.59708e-01           1697.6          -2883.9            805.7             64.7             89.2 
        97       118      4.88712e-04     -1.39697e-03     -3.22284e+01       -1675.00        2343.50       1675       2175      -2343      -2262       1922.87      -2301.98         27205      7.43771e-01           1925.0          -2302.9            499.4             73.7            179.1 
        97       150     -5.57374e-19     -4.93719e-17     -6.21490e-02       -1676.00        2323.50       1676       2179      -2323      -2262       1926.83      -2293.14         24428      7.68903e-16           1927.5          -2293.2            503.9             54.0            179.1 
        97       158      3.16568e-04      1.09813e-04     -2.84732e+01       -1660.00        3293.50       1660       2174      -3293      -2282       1916.41      -2790.38        381975      7.27755e-01           1916.7          -2788.0           1004.7            500.0            -90.9 
        97       171      2.84678e-04     -1.99931e-03     -3.57565e+01       -1660.00        3293.50       1660       2158      -3293      -3252       1907.53      -3272.91         13041      7.25746e-01           1908.9          -3273.0            498.4             34.5            179.1 
        98       106     -3.75921e-04     -4.01829e-04     -2.97732e+00        1043.00        1103.50      -1043       -903      -1103       -275       -974.53       -689.45         88172      6.89921e-01           -974.1           -689.6            827.1            135.0             90.5 
        98       121     -6.58267e-03      4.80333e-04     -4.17955e+01         930.00        1104.50       -930       -904      -1104       -530       -916.72       -824.13          9835      7.88686e-01           -917.6           -817.5            574.1             23.8            -89.4 
        98       123     -5.61673e-04      1.31272e-03     -3.30496e+01        1364.00        1108.50      -1364       -903      -1108       -554      -1128.96       -832.53        191754      7.18333e-01          -1133.9           -831.5            456.7            550.5           -179.4 
        98       125      2.86955e-04      2.10083e-04     -5.17033e+01        1412.00        1108.50      -1412      -1296      -1108       -537      -1354.20       -822.98         47905      7.60351e-01          -1354.0           -823.2            571.4            111.4             90.6 
        98       137     -3.87845e-04      7.81762e-04     -3.38364e+01        1371.00        1108.50      -1371       -903      -1108       -534      -1131.91       -823.61        206707      7.31135e-01          -1137.6           -821.2            571.2            463.8            -89.4 
        98       165      6.85698e-04     -2.79080e-05     -6.44108e-01        1415.00        1106.50      -1415      -1280      -1106       -279      -1346.81       -690.03         80232      7.05914e-01          -1347.3           -692.9            826.2            127.6             90.6 
       100       165      2.66032e-11      2.07399e-09      7.53270e-01        1796.00         141.50      -1796      -1292       -141        -81      -1544.55       -111.33         27071      3.74974e-06          -1544.3           -111.3            504.0             54.0              0.8 
       101       112      4.34570e-18     -2.16840e-18     -5.32303e-01       -2095.00        2553.50       2096       2600      -2553      -2490       2348.75      -2521.73         21923      6.46464e-16           2347.9          -2521.7            505.0             54.0            178.8 
       101       158      9.59898e-04     -4.74365e-04     -1.20948e+00       -2080.00        3313.50       2080       2171      -3313      -2490       2126.12      -2900.08         48506      7.71239e-01           2126.8          -2901.8            823.1             78.5             88.8 
       101       171      9.53189e-04     -1.60259e-03     -5.40329e+00       -2077.00        3514.50       2077       2158      -3514      -3259       2117.20      -3388.44         15371      7.54070e-01           2117.3          -3386.9            255.2             79.0             89.1 
       101       184     -8.49686e-04      1.36416e-05      6.76007e+01       -2541.00        2553.50       2541       2600      -2553      -2499       2571.38      -2526.54          2456      7.33394e-01           2570.5          -2526.5             59.0             54.0             -0.0 
       101       198     -1.04017e-04     -1.49858e-05      6.58038e+01       -2519.00        3523.50       2519       2600      -3523      -2499       2560.04      -3013.05         47498      7.18355e-01           2559.4          -3011.4           1024.0             62.4            -91.2 
       102       126     -5.96325e-10      1.03463e-09     -4.30381e-01          55.00        3275.50        -55        449      -3275      -3222        196.45      -3248.97         25750      3.72360e-06            197.0          -3249.0             53.0            504.0             90.0 
       102       132     -5.43908e-03      3.45065e-03      1.42410e+01        -375.00        3600.50        375        448      -3600      -3463        411.82      -3532.41          7841      6.57801e-01            411.5          -3532.0            137.0             73.0             90.0 
       102       164      1.67432e-04     -7.32628e-04     -1.15907e+01          55.00        3298.50        -55        444      -3298      -3222        195.63      -3260.04         29918      6.89293e-01            194.5          -3260.5             76.0            499.0             90.0 
       102       180     -2.06509e-02     -1.59696e-03     -9.89161e-01        -376.00        3517.50        376        449      -3517      -3222        412.34      -3370.00         17007      7.39618e-01            412.3          -3369.9            295.1             72.8            -90.3 
       102       206     -2.03779e-02      5.54312e-04     -8.90108e+00        -363.00        3495.50        363        449      -3495      -3222        406.20      -3360.62         18577      7.64557e-01            405.9          -3359.0            273.5             85.7            -90.3 
       102       216     -1.96831e-03      5.14681e-04     -6.06134e+00          55.00        3495.50        -55         12      -3495      -3222        -21.59      -3359.43         15039      7.29799e-01            -21.5          -3359.0            273.0             67.0             90.0 
       103       124      9.88739e-11      2.22111e-10     -4.28472e-01        2566.00        -814.50      -2566      -2062        814        876      -2314.51        845.47         27075      3.59898e-06          -2314.5            845.5            504.0             54.0           -178.9 
       103       138      1.35476e-03      5.42499e-04      1.07919e+01        2585.00       -1584.50      -2585      -2450       1584       1839      -2517.22       1713.26         25896      6.79075e-01          -2517.4           1711.9            253.9            131.6             91.1 
       104       107      1.28743e-04     -9.12824e-04     -5.94611e+00        1782.00        3311.50      -1781      -1703      -3311      -2485      -1743.17      -2902.09         44075      7.73164e-01          -1743.9          -2898.9            826.3             69.7            -89.1 
       104       115      1.30646e-10      6.32259e-10      4.59174e-01        2204.00        3517.50      -2204      -1700      -3517      -3455      -1951.33      -3486.52         27092      6.86766e-06          -1951.6          -3486.5            504.2             54.0              0.9 
       105       168      1.68829e-03      7.34208e-03     -2.28831e+01       -2018.00       -3534.50       2018       2139       3534       3597       2079.38       3565.94          6047      7.10695e-01           2078.5           3566.0             63.0            121.0             90.0 
       105       181     -4.86078e-03     -9.68636e-04      6.39847e+00       -2389.00       -2756.50       2389       2522       2756       3582       2455.80       3168.19         77643      7.49618e-01           2455.9           3169.2            825.3            118.9             88.9 
       105       186     -1.75260e-17     -8.74138e-16     -5.52902e-01       -2003.00       -2756.50       2004       2508       2756       2818       2257.01       2787.09         21256      1.35802e-14           2255.7           2787.2            504.5             54.0            179.0 
       105       191      1.13706e-03     -1.29567e-03     -6.23900e+00       -2405.00       -3526.50       2405       2522       3526       3597       2463.93       3562.83          6380      6.88277e-01           2463.5           3562.0             71.0            117.0             90.0 
       105       210      1.85836e-04      7.96494e-04      3.18640e+00       -2003.00       -2762.50       2004       2139       2762       3589       2072.38       3171.84         80043      7.13549e-01           2070.9           3176.2            825.3            123.9            -90.9 
       106       121     -7.67433e-04      5.40621e-04     -3.41238e+01         930.00        1102.50       -930       -535      -1102       -528       -732.20       -816.74        177227      7.20629e-01           -732.2           -815.6            572.3            392.5             90.3 
       106       123      8.60383e-04      2.20085e-03     -2.86257e+01        1041.00        1103.50      -1041       -855      -1103       -554       -948.70       -829.35         78024      6.97358e-01           -948.8           -828.8            548.7            183.3             90.5 
       106       137      1.10457e-03      1.49300e-03     -2.94879e+01        1042.00        1103.50      -1042       -862      -1103       -533       -952.98       -819.39         78777      7.18001e-01           -952.4           -818.6            569.3            176.2             90.5 
       106       201      2.19078e-03      4.68014e-04     -2.15720e+00         666.00        1100.50       -666       -535      -1100       -276       -600.23       -686.84         83260      6.77316e-01           -600.9           -688.6            824.0            128.4             90.3 
       107       110     -2.89003e-04      7.50497e-04      2.14272e+01        1353.00        3306.50      -1353      -1268      -3306      -2477      -1311.40      -2883.75         49730      7.44128e-01          -1311.6          -2892.0            828.9             78.3             90.7 
       107       140     -1.86388e-04      1.60593e-03      2.38595e+01        1355.00        2531.50      -1354      -1278      -2531      -2282      -1316.34      -2408.77         15367      7.41534e-01          -1316.7          -2406.9            249.3             75.8            -89.3 
       107       155     -2.24010e-04      7.67758e-04      2.38385e+01        1345.00        3306.50      -1345      -1268      -3306      -2498      -1306.73      -2891.71         43842      7.31278e-01          -1306.4          -2902.3            808.3             70.0             90.6 
       109       117      5.91787e-03     -5.77669e-05      3.32174e+01       -3051.00        1139.50       3051       3091      -1139       -570       3072.35       -854.02         11279      7.41059e-01           3072.6           -855.3            569.3             27.5             88.4 
       109       188     -3.34929e-04     -6.76696e-04      5.10995e+01       -3051.00        1151.50       3051       3529      -1151       -567       3291.39       -860.22        208290      7.34383e-01           3290.8           -859.7            464.1            573.0            178.4 
       109       204      1.51099e-03     -6.94925e-04      1.96610e+00       -3424.00        1151.50       3424       3577      -1151       -322       3500.77       -739.50         84199      7.46705e-01           3500.5           -736.9            131.9            826.2             -1.6 
       110       111      2.02893e-03     -1.28151e-04     -6.19572e-02         919.00        3300.50       -919       -842      -3300      -2473       -881.06      -2882.52         47183      7.08146e-01           -880.5          -2887.1            827.1             72.5             90.4 
       110       140     -8.22628e-19      1.85128e-16      1.69281e-01        1353.00        2531.50      -1353       -849      -2531      -2473      -1100.64      -2502.69         22067      2.88697e-15          -1101.0          -2502.5            504.4             54.0              0.5 
       110       151      1.95002e-03     -4.83006e-04      7.88104e-01         918.00        3277.50       -918       -842      -3277      -2473       -880.55      -2867.47         44048      7.17715e-01           -880.4          -2875.6            804.3             71.4             90.4 
       110       155      1.26442e-05      1.54212e-05      2.36094e+00        1345.00        3501.50      -1345       -840      -3501      -2494      -1092.28      -2989.63        383150      6.99010e-01          -1092.3          -2997.9           1003.7            496.5             90.6 
       110       194      1.43773e-03     -3.17375e-03     -1.09214e+01         914.00        3497.50       -914       -840      -3497      -3246       -877.74      -3373.61         14574      7.30703e-01           -877.0          -3372.0            251.0             74.0             90.0 
       111       140     -3.47480e-03      7.44201e-06     -1.31315e+00         920.00        2527.50       -920       -849      -2527      -2276       -884.43      -2403.83         13866      6.84899e-01           -884.6          -2402.0            251.1             70.2             90.3 
       111       151      1.34518e-04     -2.65831e-04      1.33412e+00         919.00        3277.50       -918       -411      -3277      -2274       -664.66      -2767.64        398098      6.76190e-01           -664.7          -2775.9            503.6           1001.3              0.3 
       111       155      7.67954e-04      1.38667e-05      4.50566e+00         919.00        3300.50       -919       -834      -3300      -2494       -876.99      -2889.49         49253      7.06117e-01           -876.5          -2897.4            806.4             80.3             90.4 
       111       172      4.89260e-04     -3.64345e-03     -5.75315e+00         918.00        2307.50       -918       -416      -2307      -2274       -662.00      -2290.72         12728      6.44314e-01           -667.0          -2290.8            502.2             31.1              0.3 
       111       194     -3.71094e-09     -2.78266e-10     -2.14843e-01         914.00        3300.50       -914       -411      -3300      -3244       -662.76      -3272.46         27011      6.56034e-06           -662.5          -3272.4            503.3             54.0           -179.7 
       111       216      1.45575e-03      8.44331e-04     -3.69565e-01         493.00        3297.50       -493       -411      -3297      -2472       -452.63      -2887.82         52102      7.24458e-01           -453.0          -2885.0            825.4             81.4            -89.7 
       112       117      7.20800e-03     -8.37604e-03      3.35100e+01       -2564.00        1583.50       2564       2620      -1583      -1529       2591.32      -1556.05          2211      6.88343e-01           2592.0          -1556.5             54.0             56.0             90.0 
       112       118      3.88153e-04     -3.94458e-04      5.29763e-01       -2100.00        2343.50       2100       2187      -2343      -1520       2143.95      -1936.39         46387      7.70704e-01           2143.4          -1931.8            823.0             74.9            -91.0 
       112       148      1.92663e-10     -5.00254e-09     -9.00392e-01       -2115.00        1583.50       2115       2620      -1583      -1520       2367.80      -1551.74         27179      7.59277e-06           2367.5          -1551.7            505.0             54.0            178.8 
       112       150     -8.38925e-04     -6.22143e-04      3.06375e+01       -2100.00        2323.50       2100       2191      -2323      -1520       2146.99      -1925.07         47462      7.39093e-01           2145.9          -1922.0            803.3             79.6            -91.0 
       112       158     -3.80961e-04     -8.53292e-04      1.05162e+00       -2095.00        2544.50       2095       2174      -2544      -2289       2135.27      -2415.24         14766      7.34732e-01           2135.3          -2416.8            255.2             75.8             88.8 
       112       184      9.86052e-04     -5.45995e-05      6.32281e+01       -2541.00        2553.50       2541       2620      -2553      -1529       2581.24      -2042.94         44852      7.24806e-01           2580.5          -2041.4           1023.9             59.3            -91.2 
       112       198     -1.01961e-03     -1.46285e-03      6.51749e+01       -2541.00        2553.50       2541       2600      -2553      -2499       2571.22      -2526.56          2430      7.35557e-01           2570.9          -2526.3             58.9             53.6            178.7 
       113       120     -5.88048e-04     -5.55995e-04      1.65884e+01       -1217.00        3499.50       1217       1308      -3499      -3229       1262.53      -3363.13         18577      7.39689e-01           1263.0          -3364.4            270.4             89.4            -90.7 
       113       158     -5.23273e-05     -6.54321e-04     -9.07413e+00       -1654.00        3306.50       1654       1734      -3306      -2481       1694.31      -2900.15         44297      8.01789e-01           1694.6          -2893.6            825.3             70.5             89.2 
       113       171     -4.64398e-03     -1.65165e-03     -5.18800e+00       -1651.00        3505.50       1651       1723      -3505      -3252       1687.37      -3375.98         13395      7.87984e-01           1687.4          -3378.6            252.9             69.8             89.2 
       113       179      3.49388e-05      2.79319e-03      3.12870e+01       -1229.00        3505.50       1229       1720      -3505      -3470       1470.68      -3487.61         10921      7.06285e-01           1474.6          -3487.5            491.3             29.8            179.3 
       113       193     -2.22943e-03     -2.21517e-03     -5.38071e-01       -1217.00        3499.50       1218       1301      -3499      -3250       1259.76      -3373.68         15785      7.77122e-01           1259.5          -3374.8            249.6             82.7             89.3 
       114       119      3.22450e-04     -3.35010e-03      7.55171e+00        2998.00       -3515.50      -2998      -2885       3515       3597      -2942.67       3555.79          6649      6.70675e-01          -2941.7           3557.7            112.2             82.2           -178.7 
       114       162     -1.72251e-10      4.86058e-09      3.63323e-02        2998.00       -3515.50      -2997      -2493       3515       3579      -2745.03       3547.89         24654      3.80448e-06          -2745.3           3547.9            504.5             54.0              1.3 
       116       118     -8.87375e-05     -1.02227e-02     -4.12171e+01       -1691.00        1353.50       1691       2190      -1353      -1312       1940.02      -1333.29         13314      7.49846e-01           1940.6          -1332.9            499.4             34.5            179.1 
       116       128     -1.66779e-03     -3.66547e-04      6.39476e+00       -1695.00        1119.50       1695       2077      -1119       -518       1888.77       -820.17        171185      7.35222e-01           1886.1           -819.3            596.4            374.0             89.1 
       116       148      3.04072e-03      1.63047e-05     -3.71785e+01       -2119.00        1353.50       2119       2207      -1353       -550       2164.90       -948.34         45850      7.33855e-01           2164.8           -952.1            803.3             75.7             88.8 
       116       150     -9.14801e-10     -1.64476e-09      5.00990e-02       -1691.00        1353.50       1691       2195      -1353      -1292       1942.61      -1323.16         26322      3.67731e-06           1943.0          -1323.2            504.0             54.0            179.1 
       116       212      1.34190e-04     -7.84994e-04     -1.84860e+00       -1933.00        1119.50       1934       2207      -1119       -522       2070.08       -819.93        122892      7.01052e-01           2070.2           -820.9            593.6            266.0            -90.9 
       117       148     -3.05394e-03     -1.95911e-04     -5.85190e+01       -2564.00        1583.50       2564       2639      -1583       -559       2602.51      -1080.56         42950      7.11465e-01           2601.8          -1071.5           1023.8             56.0            -91.2 
       117       169     -8.25277e-03     -2.02521e-03      2.07920e+01       -2999.00        1594.50       2999       3073      -1594      -1342       3037.44      -1466.71         12971      7.27541e-01           3036.1          -1468.3            251.5             69.4            -91.3 
       117       184     -1.75351e-11      1.08057e-09      5.37405e-01       -2564.00        1594.50       2564       3069      -1594      -1529       2816.93      -1561.86         26855      3.76765e-06           2816.3          -1561.9            504.6             54.0             -1.4 
       117       188     -7.56484e-04     -1.16020e-03      1.68396e-01       -3004.00        1397.50       3004       3091      -1397       -569       3048.77       -986.27         41779      7.20565e-01           3048.4           -983.5            826.7             68.5             88.6 
       118       148     -3.47504e-04     -9.31687e-04     -3.69581e+00       -2115.00        1574.50       2115       2190      -1574      -1319       2152.87      -1449.37         14194      7.69384e-01           2152.8          -1446.8            255.1             72.0            -91.0 
       118       150     -8.62049e-05     -1.99799e-04      2.77062e+01       -1676.00        2323.50       1676       2190      -2323      -1312       1932.58      -1816.77        379719      7.44036e-01           1932.6          -1818.0           1004.6            500.1            -90.9 
       118       158     -5.33631e-19     -1.95475e-16     -1.15112e-01       -1670.00        2343.50       1670       2174      -2343      -2281       1922.38      -2312.67         22269      3.06894e-15           1922.1          -2312.7            504.8             54.0            179.0 
       119       162      2.33993e-03      5.74060e-04      1.01139e+01        2998.00       -2744.50      -2997      -2866       2744       3571      -2931.88       3158.40         72709      6.66963e-01          -2932.9           3157.9            825.8            115.0            -88.5 
       119       166     -1.44232e-03      7.50374e-04     -9.74204e-01        3389.00       -2734.50      -3389      -3242       2734       3560      -3315.80       3144.94         79865      6.70206e-01          -3316.8           3147.2            824.1            127.3             91.6 
       119       200      1.09985e-11      2.20732e-09     -3.15325e-01        3370.00       -2734.50      -3370      -2865       2734       2800      -3118.32       2767.20         26894      3.81364e-06          -3117.6           2767.2            504.1             54.0              1.5 
       119       208     -1.13339e-03     -1.43478e-03      7.68542e+00        3391.00       -3503.50      -3391      -3264       3503       3597      -3329.04       3550.61          8832      6.84348e-01          -3327.3           3552.0             94.2            125.0             91.5 
       120       132      2.67472e-03      4.01923e-03      1.13594e+01        -802.00        3600.50        802        880      -3600      -3465        840.19      -3532.75          8110      6.32228e-01            841.0          -3533.0            135.0             78.0             90.0 
       120       179     -3.24060e-03      3.92453e-03      2.17259e+01       -1228.00        3600.50       1228       1306      -3600      -3470       1266.67      -3535.02          7750      6.93064e-01           1267.0          -3535.5            130.0             78.0             90.0 
       120       180      1.22371e-02     -9.01654e-03     -4.58705e+01        -803.00        3519.50        803        881      -3519      -3225        843.16      -3379.25         17475      7.49338e-01            842.0          -3372.6            294.0             77.6            -90.3 
       120       193      5.56038e-05     -8.27464e-04     -1.63743e+01        -802.00        3600.50        802       1301      -3600      -3246       1049.91      -3424.91        134093      7.09194e-01           1051.5          -3425.3            354.8            497.3             89.5 
       120       206      1.05698e-02     -9.21830e-03     -5.98014e+01        -803.00        3498.50        803        868      -3498      -3225        836.27      -3364.62         13451      7.71133e-01            835.7          -3362.0            273.0             64.8             89.7 
       121       123      9.28432e-04      9.09619e-04      4.20943e+00         929.00        1360.50       -929       -853      -1360       -554       -891.52       -963.16         44235      7.27879e-01           -891.9           -957.2            806.1             72.2             90.5 
       121       137      1.40507e-03      4.71350e-05      3.38634e+00         930.00        1360.50       -930       -860      -1360       -533       -894.74       -951.32         42257      7.75361e-01           -895.6           -946.9            826.9             65.1             90.5 
       121       172     -4.99652e-04      1.36398e-03      3.37307e+00         924.00        1360.50       -924       -421      -1360      -1281       -672.07      -1319.88         29780      7.45993e-01           -672.5          -1320.6            503.3             77.1           -179.7 
       121       183     -3.47570e-03      1.07710e-03      4.24387e+00         488.00        1357.50       -488       -421      -1357       -552       -454.89       -959.64         39419      7.61776e-01           -455.3           -955.1            805.1             64.8            -89.7 
       121       195     -2.29584e-03      1.32438e-03     -4.93483e+00         497.00        1357.50       -497       -421      -1357       -532       -459.84       -947.44         48148      7.61831e-01           -459.9           -945.0            825.4             74.3             90.3 
       121       201      3.80614e-03      1.75549e-04      3.26540e+01         665.00        1104.50       -665       -423      -1104       -528       -543.07       -817.53        109103      7.14622e-01           -544.0           -816.4            575.9            240.6            -89.7 
       122       128     -9.19947e-04      8.22068e-04      3.00145e+00       -1565.00        1110.50       1565       1704      -1110       -285       1635.16       -696.25         83486      7.37554e-01           1635.0           -698.1            825.0            130.0             89.2 
       122       130     -6.70330e-04      2.37009e-04      3.02683e+00       -1576.00         340.50       1576       1706       -340        -86       1641.79       -211.68         25639      7.07578e-01           1641.0           -213.2            253.2            128.5            -90.7 
       122       153     -3.34283e-10      1.19630e-09      7.58871e-01       -1203.00         140.50       1203       1706       -140        -81       1455.51       -111.49         25437      3.55142e-06           1454.5           -111.3            503.7             54.0            179.3 
       122       156      1.45574e-03      5.11098e-04      8.66732e+00       -1200.00         334.50       1200       1335       -334        -81       1267.84       -207.11         26302      7.15774e-01           1267.8           -208.2            134.2            252.2            179.4 
       122       187      8.45079e-04      1.12245e-03      1.01941e+01       -1191.00        1106.50       1191       1334      -1106       -280       1263.53       -692.77         85033      7.47074e-01           1262.3           -693.2            825.9            136.4            -90.5 
       122       215     -7.43198e-04      1.73504e-03     -4.36995e+00       -1191.00        1106.50       1191       1332      -1106       -511       1261.05       -809.47         60721      7.06080e-01           1261.5           -809.1            136.9            594.3             -0.5 
       123       125     -1.35232e-04     -1.22069e-03     -2.00473e+01        1364.00        1366.50      -1364      -1293      -1366       -558      -1327.75       -983.71         37747      8.08462e-01          -1329.0           -962.2            808.1             63.9             90.7 
       123       137      2.88052e-04     -5.10248e-04     -6.49325e-01        1364.00        1561.50      -1364       -858      -1561       -554      -1112.11      -1056.66        390878      6.94960e-01          -1111.2          -1057.7           1003.5            498.0            -89.5 
       123       140     -3.95154e-05      1.81770e-04      6.84825e-01        1354.00        1581.50      -1354       -858      -1581      -1503      -1108.48      -1542.97         28823      6.97157e-01          -1106.0          -1542.8            496.6             74.6              0.5 
       123       165     -1.28392e-04     -1.09948e-03      3.07545e+01        1364.00        1105.50      -1364      -1280      -1105       -558      -1320.60       -833.96         31328      8.31919e-01          -1322.2           -831.8            547.5             79.4             90.7 
       123       172     -5.23826e-03     -1.46941e-03     -6.79222e+00         924.00        1577.50       -924       -851      -1577      -1283       -887.23      -1430.84         16224      7.20996e-01           -887.4          -1430.6            294.3             72.2             90.3 
       124       205     -1.86053e-10     -1.38164e-11     -1.51280e+00        2548.00         155.50      -2548      -2044       -155        -93      -2295.70       -124.43         26945      3.70106e-06          -2295.8           -124.4            504.0             54.0              1.1 
       125       136      9.75982e-04     -3.37266e-04      2.42194e+00        1807.00        1371.50      -1807      -1735      -1371       -545      -1771.56       -958.14         39652      7.68713e-01          -1771.2           -958.8            826.2             61.8             90.8 
       125       137     -1.76958e-03      6.70037e-04      1.64245e+01        1371.00        1366.50      -1371      -1293      -1366       -537      -1331.57       -972.99         43390      8.65827e-01          -1332.9           -951.9            828.8             71.2            -89.3 
       125       165      3.97780e-04     -5.05867e-04      5.07310e+01        1790.00        1111.50      -1790      -1296      -1111       -537      -1546.07       -824.13        218343      7.12095e-01          -1543.4           -824.2            488.9            568.6              0.7 
       126       142     -3.43383e-03     -2.38235e-04     -2.86584e-01        -381.00        2546.50        381        450      -2546      -2252        416.61      -2401.11         16026      6.66694e-01            415.5          -2399.5            294.0             69.0             90.0 
       126       146     -2.42919e-03      1.98040e-04     -1.47565e+01        -368.00        2525.50        368        450      -2525      -2252        409.87      -2389.64         17596      7.05369e-01            409.0          -2389.0            273.0             82.0             90.0 
       126       164      1.90954e-04     -6.28832e-07     -8.84871e+00          55.00        3275.50        -55        446      -3275      -2274        197.44      -2777.90        390104      6.96586e-01            195.6          -2775.2           1001.2            500.0             89.9 
       126       180     -1.91910e-02     -1.86543e-03     -2.56184e+00        -377.00        3275.50        377        450      -3275      -2493        413.66      -2876.71         43489      7.78715e-01            413.4          -2884.5            782.1             72.2            -90.1 
       126       206     -1.47429e-02     -4.40746e-03     -2.72066e+01        -364.00        3275.50        364        450      -3275      -2472        407.28      -2867.42         52215      7.91504e-01            407.0          -2874.0            803.1             85.1            -90.1 
       126       216     -2.77318e-04     -4.67488e-04     -8.72228e+00          55.00        3275.50        -55         12      -3275      -2471        -20.88      -2893.99         40239      7.79145e-01            -21.5          -2873.5            804.0             67.0             90.0 
       127       203      2.18501e-10     -9.51239e-09      3.21574e+00         672.00       -1609.50       -672       -169       1609       1664       -420.74       1637.19         27083      5.18331e-06           -420.5           1637.2            503.2             54.0              0.2 
       128       212     -1.34697e-03     -1.40298e-04     -1.74801e+00       -1933.00        1116.50       1933       2080      -1116       -290       2007.15       -704.92         87707      7.33077e-01           2006.7           -703.7            825.2            135.8            -90.9 
       129       138     -2.44410e-03     -5.39707e-04     -1.53679e+00        2958.00       -1575.50      -2958      -2836       1575       1830      -2896.67       1701.60         22645      6.99875e-01          -2897.6           1702.8            252.8            118.5            -88.5 
       129       182      9.71510e-04      4.14856e-04      8.23647e+00        3345.00       -1563.50      -3345      -3209       1563       1820      -3276.65       1690.68         24943      6.76267e-01          -3277.0           1692.4            254.5            130.8             91.5 
       129       200      3.04192e-12      2.39519e-09      6.20383e-01        3345.00       -1764.50      -3345      -2841       1764       1830      -3093.39       1797.22         26962      3.72840e-06          -3092.9           1797.3            504.1             54.0              1.5 
       130       139      8.93056e-04     -1.01839e-03     -5.96968e+00       -1950.00         147.50       1950       2095       -147        679       2022.82        258.27         85308      7.14571e-01           2022.6            266.2            133.2            825.1             -0.9 
       130       153      2.54835e-03      8.24862e-04     -5.14070e+00       -1579.00         140.50       1579       1715       -140        684       1647.07        273.04         84198      7.16159e-01           1647.4            271.9            825.0            127.4             89.3 
       130       212     -3.38977e-04     -1.12963e-03     -4.73592e+00       -1947.00         345.50       1947       2083       -345        -91       2014.63       -217.96         27021      7.29514e-01           2015.0           -218.7            253.1            133.7            -90.9 
       131       190      4.34455e-04     -7.66635e-04      5.21855e+01        3284.00        1145.50      -3284      -3042      -1145       -572      -3161.09       -856.15        102028      7.29991e-01          -3162.3           -858.7            568.1            229.7             91.5 
       131       197      1.49125e-03      8.38399e-04      6.24833e+01        3560.00        1155.50      -3560      -3509      -1155       -585      -3535.21       -868.57         15140      7.64643e-01          -3534.5           -870.3            570.6             36.5             91.6 
       131       202     -1.64925e-03      4.49555e-04     -5.48104e+00        3560.00        1412.50      -3560      -3474      -1412       -586      -3517.83      -1000.78         39187      7.84785e-01          -3518.6           -999.9            825.5             64.0            -88.2 
       131       217      3.67110e-10      2.42515e-09     -7.63105e-02        3539.00        1412.50      -3539      -3034      -1412      -1346      -3286.22      -1379.44         27132      7.42452e-06          -3286.7          -1379.5            504.2             54.0           -178.4 
       132       180     -2.61905e-09     -9.88360e-09     -3.98538e+00        -376.00        3519.50        376        880      -3519      -3463        626.34      -3491.47         26006      5.66424e-06            628.0          -3491.5            504.3             54.0            179.7 
       132       193     -6.49416e-03     -3.76646e-03     -2.07600e+01        -795.00        3600.50        795        880      -3600      -3465        836.43      -3533.51          8564      7.14845e-01            837.5          -3533.0            135.0             85.0             90.0 
       132       206      7.56990e-04     -6.03609e-03     -4.02801e+01        -376.00        3498.50        376        867      -3498      -3463        622.03      -3480.96         13271      7.13290e-01            621.5          -3480.9            491.2             33.0             -0.3 
       133       177      1.25941e-02      3.08275e-02     -1.63541e+02       -3566.00       -3502.50       3566       3598       3502       3597       3582.89       3549.53          2304      7.02896e-01           3582.0           3550.0             95.0             32.0             90.0 
       133       214      6.12953e-04     -2.21613e-03     -3.46284e+00       -3542.00       -2730.50       3542       3598       2730       3556       3574.92       3034.97         25149      7.68997e-01           3570.0           3143.5            826.0             56.0             90.0 
       134       147     -1.96641e-03     -1.10177e-03     -3.12159e-01       -3374.00        3545.50       3374       3456      -3545      -3293       3415.18      -3420.85         14156      7.05096e-01           3415.2          -3419.6            250.7             76.1            -91.5 
       134       149     -2.07232e-04     -7.60805e-04     -4.98107e+00       -3373.00        3600.50       3373       3451      -3600      -3490       3411.52      -3546.38          6354      6.61072e-01           3411.5          -3546.1            110.8             76.6            -91.5 
       134       198      3.72389e-03      5.60772e-04     -5.17027e+00       -2946.00        3534.50       2946       3028      -3534      -3281       2987.00      -3407.34         14538      6.88975e-01           2986.7          -3408.1            251.6             77.0            -91.4 
       135       163      7.11391e-18     -3.02444e-15      9.36829e-01         680.00       -3550.50       -680       -176       3550       3597       -428.92       3574.17         19731      4.15004e-14           -428.0           3574.0             47.0            504.0             90.0 
       135       203      2.36975e-10     -7.90116e-10     -8.51043e-01         676.00       -2579.50       -676       -173       2579       2634       -424.54       2607.28         27120      3.22667e-06           -424.5           2607.3            503.2             54.0              0.2 
       136       141     -1.81238e-03      2.79642e-03     -6.32016e+00        2238.00        1577.50      -2238      -2160      -1577      -1325      -2200.30      -1450.80         14472      7.57580e-01          -2199.2          -1451.4            251.2             75.5             90.9 
       136       165     -5.48391e-03     -7.39382e-04      3.92784e+01        1790.00        1111.50      -1790      -1739      -1111       -545      -1765.26       -834.18         19348      7.34730e-01          -1765.7           -828.5            565.6             45.5             90.9 
       136       205      9.95811e-04     -2.59518e-04      4.95829e+01        2251.00        1120.50      -2251      -2025      -1120       -550      -2140.67       -831.56         94224      7.99677e-01          -2138.9           -835.1            567.0            217.6            -88.9 
       137       140     -6.36902e-10      9.45698e-10      7.15152e-01        1362.00        1561.50      -1362       -858      -1561      -1503      -1109.11      -1532.45         25937      6.68877e-06          -1109.8          -1532.5            504.0             54.0              0.5 
       137       165     -1.51824e-04     -5.19918e-04      3.17718e+01        1371.00        1105.50      -1371      -1280      -1105       -537      -1324.19       -823.52         36218      8.52983e-01          -1326.0           -821.5            568.1             87.3             90.6 
       137       172     -4.85085e-03     -2.45449e-03     -7.65017e+00         924.00        1557.50       -924       -858      -1557      -1283       -890.68      -1422.59         14275      7.44719e-01           -891.1          -1420.5            274.0             65.1             90.3 
       138       162     -1.23281e-10      5.09923e-09      5.46555e-01        2976.00       -2545.50      -2976      -2471       2545       2609      -2723.31       2577.86         27134      5.26337e-06          -2723.7           2577.9            504.6             54.0              1.3 
       138       200     -1.03091e-04     -5.10800e-04     -3.60349e+00        2976.00       -1774.50      -2976      -2841       1774       2601      -2908.74       2188.41         74458      6.79483e-01          -2908.4           2187.9            825.7            117.2             91.3 
       139       212      9.16935e-10     -4.28732e-09     -1.20020e+00       -1950.00         153.50       1950       2455       -153        -91       2200.43       -122.55         26194      3.80716e-06           2202.6           -122.7            504.9             54.0             -1.0 
       140       151      6.27652e-03     -1.19920e-03      2.72988e+00         919.00        2527.50       -919       -849      -2527      -2253       -883.75      -2392.89         14805      6.67149e-01           -884.1          -2390.5            274.0             69.2             90.3 
       140       155     -5.92449e-04      4.40303e-03      1.24943e+01        1345.00        2531.50      -1345       -849      -2531      -2494      -1100.31      -2512.64         13229      6.43839e-01          -1097.0          -2512.8            496.3             33.5           -179.5 
       140       172      2.10231e-03     -9.31537e-04     -5.42985e-02         923.00        2307.50       -923       -851      -2307      -1503       -887.50      -1908.97         41783      7.43636e-01           -887.8          -1905.5            804.1             67.4             90.5 
       142       146      2.22428e-04      8.32503e-04     -1.32491e+01        -382.00        2528.50        382        878      -2527      -1523        631.39      -2026.43        379746      7.27389e-01            629.0          -2025.7           1003.0            492.6            -90.3 
       142       157      6.62609e-09     -2.23123e-08     -1.12886e+00        -386.00        1578.50        386        890      -1578      -1523        638.05      -1551.14         27111      6.45154e-06            638.0          -1551.2            504.1             54.0             -0.3 
       142       159      8.78951e-04     -1.69211e-03     -1.57110e+01        -806.00        2329.50        807        890      -2329      -1525        849.24      -1929.35         47925      7.78809e-01            848.0          -1927.5            804.4             80.3            -90.3 
       142       164      4.37449e-03      7.57760e-04     -7.53968e+00        -381.00        2546.50        381        446      -2546      -2275        413.92      -2409.47         13511      7.29176e-01            413.9          -2411.0            271.3             64.5             89.7 
       142       176      7.42095e-04     -2.00406e-03     -3.09125e+00        -813.00        2309.50        813        890      -2309      -1525        851.38      -1920.70         42816      7.15800e-01            851.6          -1917.4            784.2             73.4            -90.3 
       142       180     -1.13668e-09      1.22780e-08     -4.90488e+00        -381.00        2549.50        381        885      -2549      -2493        632.69      -2521.27         25513      6.10944e-06            633.1          -2521.3            504.0             54.0             -0.3 
       142       206      1.79988e-04     -1.70977e-03     -2.51595e+01        -381.00        2549.50        381        872      -2549      -2472        626.65      -2511.01         28656      7.13371e-01            626.7          -2510.7            491.0             75.1            179.7 
       143       152     -9.70213e-06     -1.07375e-03      1.11176e-01        3082.00        3341.50      -3082      -2981      -3341      -2512      -3031.83      -2927.96         52058      7.98533e-01          -3032.5          -2926.6            827.9             82.5            -88.4 
       144       174     -1.99617e-10      4.10767e-09      1.22054e+00        1454.00       -3546.50      -1454       -949       3546       3597      -1205.07       3573.11         24948      5.18963e-06          -1201.5           3572.0             51.0            505.0             90.0 
       144       211      3.30831e-04     -5.97668e-04     -3.12368e+00        1454.00       -3546.50      -1454      -1341       3546       3597      -1396.68       3572.23          4599      7.45758e-01          -1397.5           3572.0             51.0            113.0             90.0 
       146       157      2.79966e-04     -1.95318e-03      1.00883e+01        -386.00        1578.50        386        878      -1578      -1502        635.14      -1540.72         28212      7.65893e-01            632.0          -1540.6            491.9             75.1            179.7 
       146       159      1.01650e-03     -2.38275e-03     -2.45906e+00        -806.00        2329.50        806        878      -2329      -1504        843.17      -1919.59         42389      8.36260e-01            841.9          -1917.0            825.4             68.0            -90.3 
       146       164      2.08453e-03      4.05065e-05      6.73510e+00        -368.00        2525.50        368        446      -2525      -2275        407.36      -2403.04         15063      6.87636e-01            407.0          -2400.5            250.0             78.0             90.0 
       146       176      2.04721e-03     -2.66769e-03      9.22858e+00        -813.00        2309.50        813        878      -2309      -1504        845.79      -1908.71         37453      7.70322e-01            845.4          -1906.9            805.1             61.1            -90.3 
       146       180     -9.19930e-05     -3.56208e-03      1.36677e+00        -382.00        2528.50        382        872      -2527      -2493        624.58      -2510.87         12655      7.09723e-01            627.0          -2510.7            490.2             33.0             -0.3 
       146       206     -3.71711e-10      5.01844e-09     -5.64938e+00        -368.00        2528.50        368        872      -2528      -2472        620.52      -2500.10         27154      7.37462e-06            620.1          -2500.1            504.0             54.0            179.7 
       147       149     -1.30269e-17     -2.05443e-16      1.53824e-01       -3374.00        3550.50       3374       3598      -3550      -3490       3486.73      -3520.20         11274      3.23506e-15           3486.8          -3520.1            224.2             54.0            178.2 
       148       150     -1.78222e-03     -7.84349e-05      3.45775e+01       -2115.00        1574.50       2115       2195      -1574      -1299       2155.72      -1439.65         16249      7.46294e-01           2155.1          -1437.0            274.8             76.4            -91.0 
       148       184      6.98602e-03     -8.82132e-03      3.48298e+01       -2564.00        1583.50       2564       2620      -1583      -1529       2591.26      -1556.11          2176      6.81302e-01           2592.0          -1556.4             55.8             53.6            178.5 
       148       212      9.01635e-04     -7.31782e-04      2.71412e+01       -2125.00        1123.50       2125       2447      -1123       -550       2285.74       -839.40        138730      7.65928e-01           2285.6           -837.0            313.2            568.8            179.0 
       150       158      4.76548e-04     -8.63946e-03     -4.89443e+01       -1676.00        2323.50       1676       2174      -2323      -2282       1925.84      -2302.81         13145      6.99650e-01           1925.0          -2302.9            498.6             34.5            179.1 
       151       155     -3.71162e-04      3.83263e-04      2.62111e+00         918.00        3277.50       -918       -834      -3277      -2494       -876.45      -2876.96         46869      6.98233e-01           -876.4          -2886.0            783.5             79.2             90.4 
       151       172      8.05528e-19     -1.41272e-16      4.85931e-01         918.00        2307.50       -918       -415      -2307      -2251       -665.26      -2279.20         23935      2.20249e-15           -666.5          -2279.2            503.3             54.0              0.3 
       151       194      5.61793e-04     -7.70444e-03     -2.70485e+01         913.00        3277.50       -913       -411      -3277      -3244       -663.00      -3260.92         11917      6.97693e-01           -662.0          -3260.9            502.2             31.1              0.3 
       151       216      7.05902e-05      1.20973e-03     -1.95987e+00         493.00        3274.50       -493       -409      -3274      -2472       -451.96      -2879.93         50513      7.03675e-01           -452.4          -2873.5            802.5             82.9            -89.7 
       152       173      7.93378e-04      9.70413e-04      4.42005e+00        3506.00        3352.50      -3506      -3414      -3352      -2526      -3461.26      -2934.17         42405      8.09623e-01          -3461.6          -2939.6            825.7             71.3            -88.3 
       152       217      1.85767e-10      3.21213e-10     -3.59106e-01        3512.00        2382.50      -3512      -3007      -2382      -2315      -3259.31      -2349.36         25164      7.57235e-06          -3259.7          -2349.3            505.1             54.0              1.6 
       153       156      3.37290e-03     -1.05633e-03      5.39483e+00       -1203.00         136.50       1203       1342       -136        689       1270.89        262.47         83554      7.34263e-01           1272.6            276.7            825.9            133.0             89.5 
       153       199      7.48082e-04     -1.18963e-03      8.73944e+00       -1212.00        -635.50       1212       1344        635        888       1277.77        762.05         26668      6.87132e-01           1278.0            761.8            252.2            130.7            -90.6 
       154       197     -8.46251e-09      4.54492e-09      6.34471e-01        3601.00         186.50      -3601      -3540       -186       -131      -3570.79       -159.32          3312      3.29820e-06          -3571.0           -159.2             61.7             54.0              1.8 
       155       194     -1.46295e-03     -2.52077e-03     -1.36141e+01         914.00        3518.50       -914       -832      -3518      -3246       -873.38      -3384.30         16785      7.38971e-01           -873.7          -3382.4            271.6             82.0            -89.4 
       156       187      2.85823e-17     -4.41487e-16      4.15970e-01        -830.00         334.50        830       1334       -330       -281       1083.59       -306.73          1178      3.34196e-16           1081.9           -305.7            504.0             54.0            179.5 
       156       199     -7.72671e-11     -2.45716e-10     -1.87892e-02        -839.00        -635.50        839       1342        635        693       1090.89        664.27         27043      3.18946e-06           1090.5            664.3            503.5             54.0             -0.5 
       157       159      3.79216e-03     -1.89538e-03     -1.69953e+01        -813.00        1578.50        813        891      -1578      -1305        852.42      -1441.50         16265      7.56545e-01            852.0          -1442.2            273.0             77.2            -90.3 
       157       176      5.45367e-03     -1.78245e-03     -5.37993e+00        -819.00        1578.50        819        891      -1578      -1285        854.94      -1430.32         16253      7.14947e-01            855.0          -1432.0            293.3             71.3            -90.3 
       157       185      7.48111e-03      1.13015e-03     -2.09318e+00        -387.00        1335.50        387        452      -1335       -553        420.23       -946.37         38208      7.23955e-01            420.2           -944.5            782.2             64.6            -90.2 
       157       187      3.82447e-03     -6.68425e-04      1.47810e+01        -823.00        1104.50        823        895      -1104       -555        858.83       -838.00         28376      7.04623e-01            859.5           -830.0            549.5             69.2             89.6 
       157       189      9.06006e-03      1.33597e-03     -1.16714e+01        -387.00        1358.50        387        449      -1358       -553        418.63       -958.44         37693      7.93168e-01            418.1           -956.0            805.1             61.3            -90.1 
       157       209     -3.74150e-03     -3.24749e-03      1.82200e+01        -388.00        1104.50        388        584      -1104       -553        487.19       -828.88         83188      7.70691e-01            486.0           -828.8            550.9            194.6            -90.3 
       157       215      4.76421e-03     -3.43537e-04     -2.92459e+00        -821.00        1339.50        821        895      -1339       -555        857.54       -951.60         41511      7.05264e-01            858.1           -947.3            784.1             70.3            -90.3 
       158       171      5.34638e-10      9.12476e-09     -4.17648e-01       -1654.00        3313.50       1654       2158      -3313      -3252       1906.07      -3282.76         27118      9.97531e-06           1905.8          -3282.7            504.2             54.0            179.0 
       159       176      3.43493e-05     -8.05631e-05      1.28820e+01        -813.00        2313.50        813       1319      -2312      -1305       1066.03      -1806.07        382421      7.23775e-01           1065.6          -1809.6           1003.6            498.9            -90.5 
       159       215      5.14426e-04     -1.69676e-03      1.02587e+01        -822.00        1342.50        822       1319      -1342      -1305       1066.57      -1324.77         12790      7.10553e-01           1070.5          -1324.6            497.3             33.6             -0.5 
       160       177     -2.98085e-03     -8.56535e-04      5.22906e+00       -3179.00       -3510.50       3179       3294       3510       3597       3236.57       3554.36          7837      7.21908e-01           3236.5           3555.5            114.0             87.1            178.5 
       160       181      5.23643e-03     -7.68333e-04     -1.11205e+01       -2770.00       -2746.50       2770       2909       2746       3574       2839.83       3156.36         62353      9.05902e-01           2839.8           3160.8            825.8            123.0            -91.2 
       160       191     -9.84045e-04     -1.20037e-03      8.88611e+00       -2789.00       -3518.50       2789       2910       3518       3597       2848.71       3558.19          7386      7.71376e-01           2849.5           3559.2             79.2            120.5            -91.2 
       160       214     -4.11543e-03      1.16283e-03      1.34937e+00       -3159.00       -2737.50       3159       3293       2737       3566       3226.77       3151.19         76520      7.63016e-01           3225.8           3152.3            827.6            115.5            -91.4 
       161       178     -6.34921e-04     -7.09667e-04      8.14765e+00       -1235.00       -2575.50       1235       1361       2575       2828       1298.66       2702.93         24415      6.82010e-01           1298.2           2701.9            252.2            124.4            -90.7 
       161       210      2.44404e-03      7.99373e-05     -4.66302e+00       -1620.00       -2569.50       1620       1741       2570       2823       1680.67       2696.83         23701      6.63165e-01           1680.9           2696.9            118.8            253.0            179.1 
       162       200     -3.00004e-03     -1.58401e-04     -1.34123e+01        2980.00       -2545.50      -2980      -2860       2545       2800      -2919.93       2671.30         22456      6.90884e-01          -2920.8           2672.8            252.8            115.3            -88.5 
       164       180     -1.93196e-02     -2.25777e-03      5.16252e+00        -377.00        3298.50        377        445      -3298      -2493        411.36      -2892.25         41733      7.99931e-01            411.5          -2896.0            805.2             67.5            -90.2 
       164       206     -1.68131e-02     -4.61280e-03     -1.81663e+01        -364.00        3298.50        364        445      -3298      -2472        405.18      -2882.26         52579      8.32593e-01            405.2          -2885.5            826.3             80.3            -90.2 
       164       216     -6.62287e-04     -2.37710e-04      7.65429e-01          60.00        3297.50        -60         12      -3297      -2471        -22.50      -2891.09         45565      7.60377e-01            -24.0          -2884.5            826.0             72.0             90.0 
       166       182      5.95562e-10     -2.61277e-09     -1.05837e-01        3601.00       -2527.50      -3601      -3236       2527       2590      -3418.85       2558.76         19509      3.71437e-06          -3419.2           2558.7            365.2             54.0              1.6 
       166       200     -3.86348e-04     -2.83322e-04     -6.59690e+00        3370.00       -2533.50      -3370      -3236       2533       2790      -3302.07       2661.71         25427      6.84737e-01          -3303.5           2662.3            127.9            254.5           -178.4 
       166       208     -7.16632e-18      1.60858e-16     -1.04248e-01        3601.00       -3497.50      -3601      -3264       3497       3560      -3433.03       3529.04         15953      2.53104e-15          -3433.1           3529.1            337.5             54.0           -178.4 
       167       213     -1.43105e-03     -6.95920e-04      1.32081e+01       -3483.00        -788.50       3483       3598        788       1616       3546.86       1186.46         67731      7.38881e-01           3540.5           1202.5            828.0            115.0             90.0 
       168       210     -1.67180e-10      9.82257e-10     -4.66428e-01       -1634.00       -3534.50       1634       2139       3534       3594       1886.04       3564.67         26695      3.29240e-06           1886.2           3564.6            505.1             54.0             -0.9 
       169       184      2.10563e-03      9.53409e-04     -2.62943e+00       -2978.00        2366.50       2978       3069      -2366      -1539       3024.45      -1954.61         45123      7.12053e-01           3023.1          -1953.3            826.7             72.6            -91.4 
       169       188     -1.86534e-08     -2.80400e-07      1.21442e+00       -3004.00        1408.50       3004       3509      -1408      -1342       3256.78      -1375.60         27206      6.13437e-04           3256.7          -1375.6            504.1             54.0            178.4 
       170       213      2.99336e-09      4.07232e-09     -2.39101e-01       -3513.00       -1759.50       3513       3598       1759       1814       3555.60       1787.10          4486      7.62305e-06           3555.6           1787.1             86.5             54.0             -1.7 
       170       214      4.43617e-03      5.65124e-03     -3.85241e+01       -3536.00       -2531.50       3536       3598       2531       2784       3568.88       2655.92         11995      7.09059e-01           3570.3           2658.3             62.1            252.2            178.5 
       171       179      2.61040e-03      1.04210e-03      2.81780e+01       -1649.00        3600.50       1649       1733      -3600      -3475       1691.06      -3539.53          7779      7.17399e-01           1691.0          -3538.0            125.0             84.0             90.0 
       172       183     -5.29328e-03      2.30639e-03      3.25138e+00         485.00        1576.50       -485       -419      -1576      -1281       -453.43      -1431.55         15068      7.13329e-01           -452.0          -1429.0            295.0             66.0             90.0 
       172       195     -3.95023e-03      1.40320e-03     -7.08891e+00         495.00        1555.50       -495       -419      -1555      -1281       -458.44      -1419.50         16042      7.34758e-01           -457.0          -1418.5            274.0             76.0             90.0 
       174       196     -1.52104e-03      2.39691e-04     -8.86250e+00        1445.00       -2576.50      -1445      -1328       2576       2828      -1387.13       2702.63         23228      6.14308e-01          -1386.8           2702.1            115.6            252.1              0.7 
       174       207     -1.16594e-10      1.94469e-09      9.40575e-01        1443.00       -2576.50      -1443       -940       2576       2634      -1191.57       2605.08         27149      3.38373e-06          -1191.5           2605.1            503.5             54.0           -179.4 
       174       211     -7.28701e-04     -6.88534e-04     -5.51883e+00        1454.00       -2773.50      -1454      -1330       2773       3597      -1392.06       3181.49         75059      6.55939e-01          -1392.5           3186.2            824.1            115.0             90.7 
       175       190      1.43525e-03     -4.72158e-04      2.98300e+00        2910.00        1135.50      -2910      -2766      -1135       -308      -2838.21       -720.69         77420      7.36139e-01          -2839.6           -721.6            825.6            126.4            -88.5 
       175       205     -4.00158e-03      1.17025e-03     -1.52652e+01        2544.00        1125.50      -2544      -2389      -1125       -299      -2470.56       -671.91         80017      7.90287e-01          -2466.5           -712.7            824.4            140.1             91.1 
       176       215      1.24999e-09     -1.45107e-09      5.76830e-02        -822.00        1342.50        822       1324      -1342      -1285       1072.96      -1314.26         27085      5.11013e-06           1073.0          -1314.3            502.5             54.0             -0.5 
       177       214     -3.65018e-10     -1.86537e-09     -3.05909e-01       -3179.00       -3502.50       3179       3598       3502       3566       3389.34       3534.75         22563      7.52747e-06           3388.9           3534.8            419.8             54.0            178.4 
       179       193      2.44549e-03     -4.00914e-03     -3.43574e+01       -1228.00        3600.50       1228       1299      -3600      -3470       1263.64      -3535.09          7204      6.99999e-01           1263.5          -3535.5            130.0             71.0             90.0 
       180       193     -1.33177e-02      7.47913e-03      2.79642e+01        -796.00        3519.50        796        881      -3519      -3246        839.26      -3385.61         17470      8.20952e-01            838.5          -3382.9            273.3             84.5            -90.3 
       180       206      5.63773e-04     -1.81621e-03     -2.08300e+01        -376.00        3498.50        376        872      -3498      -2493        617.73      -2973.60        342578      8.71789e-01            623.8          -2995.8           1003.2            492.4            -90.3 
       181       186      2.97637e-03     -1.39915e-03      4.55617e+00       -2385.00       -2556.50       2385       2508       2556       2811       2446.16       2686.12         24212      7.18608e-01           2446.4           2684.1            253.3            119.5            -91.0 
       181       191     -9.30007e-10     -4.30338e-09      1.10043e+00       -2405.00       -3518.50       2405       2909       3518       3582       2657.40       3550.58         27155      1.00361e-05           2657.0           3550.6            505.0             54.0            178.8 
       182       200      1.30165e-03     -1.15485e-03      1.18787e+00        3365.00       -1764.50      -3365      -3214       1764       2590      -3289.76       2183.54         81271      6.75004e-01          -3290.7           2177.3            824.0            130.2            -88.4 
       183       185     -4.41425e-04     -2.69213e-04     -2.57822e+00          52.00        1335.50        -52         18      -1335       -551        -17.72       -974.28         32586      9.15736e-01            -17.0           -943.5            784.0             70.0             90.0 
       183       189     -1.33407e-03     -3.29184e-04     -1.21083e+01          56.00        1357.50        -56         18      -1357       -551        -19.52       -988.63         37267      8.78177e-01            -19.0           -954.5            806.0             74.0             90.0 
       183       192     -4.32957e-04     -2.77127e-03      1.54738e+01         298.00        1100.50       -298         18      -1100       -551       -153.88       -822.75        126932      7.97309e-01           -140.1           -826.3            549.1            315.1            -89.9 
       183       195     -3.44566e-04     -2.45561e-04     -1.02824e+01         488.00        1555.50       -488          8      -1555       -551       -240.68      -1045.27        386586      7.24750e-01           -239.6          -1053.8           1003.8            494.8             90.1 
       183       201      1.03582e-03     -1.53165e-03      2.52326e+01         488.00        1103.50       -488       -159      -1103       -552       -321.57       -822.60        143043      7.31541e-01           -323.3           -827.9            551.3            328.3             90.1 
       184       198      4.63560e-18      4.68538e-16      3.43849e-01       -2541.00        2564.50       2541       3046      -2564      -2499       2792.93      -2531.77         22478      7.40188e-15           2793.6          -2531.8            504.3             54.0            178.6 
       185       189      2.71415e-04      3.14122e-04     -8.92865e+00          52.00        1335.50        -52        449      -1335       -528        204.36       -927.71        301804      7.70517e-01            198.5           -932.2            807.4            500.5             89.9 
       185       192      5.84102e-03     -4.50023e-03      1.71786e+01          52.00        1100.50        -52        206      -1100       -504         77.00       -795.62        112301      8.63743e-01             77.0           -802.5            596.0            258.0             90.0 
       185       195      9.74563e-04     -5.41666e-04     -8.24338e+00          52.00        1334.50        -52          8      -1334       -531        -22.60       -961.78         29678      9.11988e-01            -22.0           -933.0            803.0             60.0             90.0 
       185       209     -4.02051e-03     -4.42879e-03      1.73333e+01         -78.00        1103.50         78        452      -1103       -505        278.75       -793.71        161761      8.31259e-01            265.0           -804.5            598.0            374.0             90.0 
       186       210     -1.44002e-03      8.58497e-04      7.20929e+00       -2000.00       -2564.50       2000       2127       2564       2818       2063.77       2690.48         24949      6.90850e-01           2063.4           2691.2            253.1            124.5            -90.9 
       187       215      1.47379e-04      2.55657e-04     -1.69748e+01        -823.00        1108.50        823       1331      -1108       -508       1074.59       -808.65        224428      7.36730e-01           1077.4           -808.5            504.0            596.4            179.5 
       188       204      2.07774e-03     -3.01878e-04     -5.00102e+01       -3424.00        1149.50       3424       3529      -1149       -577       3477.75       -865.62         40820      7.14889e-01           3476.8           -863.8            570.9             91.9            -91.6 
       189       192      5.73981e-03     -3.44235e-03      2.70632e+01          56.00        1100.50        -56        206      -1100       -528         77.45       -811.81        112534      8.10599e-01             75.0           -814.5            572.0            262.0             90.0 
       189       195      6.34225e-04     -6.30331e-04      1.11292e+00          56.00        1357.50        -56          8      -1357       -531        -23.95       -977.46         34569      9.20578e-01            -24.0           -944.5            826.0             64.0             90.0 
       189       209     -4.57365e-03     -3.96660e-03      2.69707e+01         -78.00        1103.50         78        449      -1103       -528        273.60       -809.25        156650      8.49980e-01            263.7           -816.3            575.2            370.6            -90.2 
       192       195      1.91263e-04      2.41954e-03     -2.58465e+01         298.00        1100.50       -298          7      -1100       -531       -159.42       -812.17        127417      8.28038e-01           -145.5           -816.0            569.0            305.0             90.0 
       192       201     -2.43723e-03      3.88624e-04      8.14147e+00         298.00        1100.50       -298       -159      -1100       -275       -227.91       -688.22         88763      7.60639e-01           -228.8           -688.0            825.3            138.5             90.1 
       192       209     -2.12136e-03     -1.40074e-03     -1.96374e+00         -78.00        1099.50         78        206      -1099       -271        145.01       -657.27         74489      8.92055e-01            142.0           -685.5            828.0            128.0             90.0 
       193       206      9.12290e-03     -7.09348e-03     -3.78931e+01        -796.00        3498.50        796        868      -3498      -3246        832.93      -3373.21         13835      8.42406e-01            832.3          -3372.4            252.3             71.5            -90.5 
       194       216     -8.46416e-03      2.70635e-03      1.69335e+00         491.00        3496.50       -491       -409      -3496      -3244       -450.23      -3371.75         16486      7.57852e-01           -450.0          -3370.5            252.0             82.0             90.0 
       195       201      1.73241e-03     -1.95953e-03      3.50634e+01         497.00        1103.50       -497       -159      -1103       -532       -329.62       -815.09        153897      7.32804e-01           -327.9           -817.8            571.4            337.4             90.1 
       196       207      1.17617e-03      7.46957e-04      6.79898e+00        1443.00       -1803.50      -1443      -1318       1803       2630      -1381.66       2220.95         76585      6.55863e-01          -1381.3           2217.1            826.3            118.9             90.6 
       196       211      2.82728e-11      6.24058e-10     -4.94657e-01        1834.00       -2768.50      -1834      -1330       2768       2828      -1581.83       2798.56         26790      3.78321e-06          -1582.3           2798.7            504.1             54.0           -179.3 
       197       202      1.40974e-03      4.66864e-04     -5.11118e+01        3601.00        1157.50      -3601      -3509      -1157       -587      -3559.16       -877.16         37198      7.45219e-01          -3555.0           -872.5            570.0             92.0             90.0 
       202       217      9.14096e-04     -1.75221e-04      3.15266e+00        3539.00        1611.50      -3539      -3468      -1611      -1358      -3503.76      -1485.41         12134      7.65521e-01          -3503.9          -1484.8            252.6             64.7            -88.2 
