|   plus  |  minus  |         a      |        b       |        c       |    crpix1    |    crpix2    |   xmin   |   xmax   |   ymin   |   ymax   |   xcenter   |   ycenter   |    npixel   |      rms       |      boxx      |      boxy      |    boxwidth    |   boxheight    |     boxang     |
         0        24     -2.37725e-03     -4.34004e-04      1.21593e+01         299.00       -1809.50       -299       -171       1809       2634       -235.47       2220.50         84439      1.19274e+00           -235.2           2222.0            825.3            127.4             90.1 
         0        49      1.66313e-03      1.09237e-03     -4.27705e+00         -86.00       -1810.50         86        204       1810       2638        144.96       2220.19         78937      1.16015e+00            145.0           2224.5            828.0            118.0             90.0 
         0        53     -8.74160e-05     -9.36066e-04      1.54992e+01         300.00       -2581.50       -300       -174       2581       2833       -236.76       2706.36         26057      1.18934e+00           -237.0           2707.5            252.0            126.0             90.0 
         0        74      2.09456e-09     -2.45551e-08     -1.22833e+00         298.00       -1809.50       -298        204       1809       1863        -47.08       1836.46         27079      2.89468e-05            -47.0           1836.5             54.0            502.0             90.0 
         0       133     -8.64098e-10     -3.46594e-09      9.35942e-01         300.00       -2779.50       -300        203       2779       2833        -47.37       2806.89         27017      2.82454e-05            -48.5           2806.5             54.0            503.0             90.0 
         0       200     -5.78587e-03      3.84477e-04     -7.51149e-01         -88.00       -2585.50         88        203       2585       2833        146.95       2709.30         23335      1.21527e+00            145.5           2709.5            248.0            115.0             90.0 
         1        18     -5.87980e-04      5.84946e-04      1.23660e+01       -3453.00         181.50       3453       3598       -181        646       3528.54        228.12         84103      1.25654e+00           3529.1            233.0            826.2            129.3             88.2 
         1        80     -2.91429e-09     -9.72649e-09     -4.96302e-01       -3100.00        -590.50       3100       3598        590        657       3349.19        624.04         26908      2.87994e-05           3349.3            624.0            499.1             54.0            178.4 
         1        89     -5.54209e-04      1.49870e-03      1.41475e+01       -3447.00         379.50       3447       3582       -379       -124       3514.44       -251.77         26054      1.27827e+00           3514.5           -251.9            252.2            128.6             88.4 
         1       171     -2.40948e-03     -1.68209e-03      2.60791e+01       -3078.00         171.50       3078       3221       -171        657       3150.00        241.25         81110      1.29094e+00           3150.8            242.6            827.5            123.5             88.4 
         1       181     -1.07483e-03     -2.61005e-03      1.79083e+01       -3073.00         368.50       3073       3202       -368       -115       3138.23       -242.65         24650      1.26277e+00           3137.8           -242.2            124.1            250.8            178.4 
         1       198     -9.51234e-10     -1.35797e-08      5.23634e-01       -3073.00         379.50       3073       3576       -379       -312       3324.52       -345.76         27142      2.60385e-05           3324.5           -345.8            503.1             54.0            178.4 
         2        44      1.58390e-09     -3.45458e-11     -3.59234e-01        2195.00       -1594.50      -2195      -1692       1594       1655      -1943.07       1625.19         27136      2.67682e-05          -1943.4           1625.2            503.6             54.0           -179.1 
         2        57      8.07147e-04     -1.35647e-04      4.90270e+00        1819.00        -828.50      -1819      -1679        828       1655      -1749.44       1244.26         84759      1.14867e+00          -1750.3           1242.1            129.8            826.2              0.9 
         2        63     -8.62279e-11      1.01619e-08      1.45588e+00        2179.00        -624.50      -2179      -1676        624        685      -1927.40        655.26         27120      2.53958e-05          -1927.4            655.3            503.0             54.0              0.9 
         2       162      1.93842e-03     -9.19707e-04      1.05634e+01        2195.00        -821.50      -2195      -2063        821       1649      -2129.33       1233.06         78916      1.16192e+00          -2130.5           1235.7            119.1            827.2           -178.9 
         2       189     -4.06428e-06      1.11996e-03      3.70440e+00        2183.00        -624.50      -2183      -2060        624        876      -2121.21        749.47         24368      1.19933e+00          -2121.2            750.6            251.1            119.2             91.1 
         2       209     -6.42388e-04     -4.19113e-05      3.67585e+00        1809.00        -630.50      -1809      -1676        630        883      -1742.77        756.92         26705      1.20176e+00          -1743.0            757.1            131.4            252.1              0.8 
         3        17     -4.66435e-04      6.10642e-05      6.29180e+00        3104.00        2370.50      -3104      -3008      -2370      -1542      -3056.42      -1964.21         50454      1.33213e+00          -3057.5          -1956.7            827.8             77.7            -88.5 
         3        56     -1.56505e-03     -1.05906e-03     -1.73720e+01        2664.00        2358.50      -2664      -2583      -2358      -1532      -2623.97      -1948.93         42467      1.28929e+00          -2623.3          -1945.5            826.1             65.3             91.1 
         3        69     -1.40484e-09      4.08065e-09     -2.47738e+00        3104.00        1597.50      -3104      -2601      -1597      -1532      -2852.82      -1564.88         27100      3.04043e-05          -2852.8          -1564.9            503.1             54.0              1.4 
         3       107      2.68813e-06     -1.25975e-05      1.07212e+00        3081.00        2567.50      -3081      -2578      -2567      -2502      -2829.68      -2534.78         27167      2.54348e-02          -2829.7          -2534.8            503.1             54.0              1.4 
         3       165      1.30534e-02      1.30840e-03      2.45443e+01        2648.00        2556.50      -2648      -2578      -2556      -2304      -2613.78      -2434.73         12566      1.38389e+00          -2613.2          -2430.5            252.1             66.1             91.1 
         3       197     -1.64481e-03     -6.22344e-04      2.65747e+00        3086.00        2567.50      -3086      -3003      -2567      -2315      -3043.98      -2442.17         15631      1.28520e+00          -3044.5          -2441.6             78.4            250.6           -178.6 
         4         6     -3.61407e-04      1.24662e-03      8.55397e+00        3391.00       -3503.50      -3391      -3265       3503       3597      -3328.89       3550.56          9117      1.16728e+00          -3327.8           3552.0             94.2            124.0             91.5 
         4        27      8.76671e-04      8.23873e-04      1.40470e+01        3389.00       -2734.50      -3389      -3243       2734       3560      -3316.42       3146.52         82730      1.15682e+00          -3317.9           3147.2            127.1            824.1              1.6 
         4        51      2.52397e-03      6.64314e-04      1.72663e+01        2998.00       -2744.50      -2998      -2866       2744       3571      -2932.86       3157.38         74578      1.15249e+00          -2933.4           3157.9            825.8            114.0            -88.5 
         4       109     -9.24423e-10     -6.81387e-10     -5.26267e-01        3370.00       -2734.50      -3370      -2866       2734       2800      -3118.25       2767.18         27142      2.88595e-05          -3118.1           2767.2            503.1             54.0              1.5 
         4       196      1.60419e-03      1.56424e-03      1.17014e+01        2999.00       -3515.50      -2999      -2886       3515       3597      -2943.49       3556.24          6863      1.10686e+00          -2942.5           3557.6            111.8             82.2           -178.7 
         5        24     -1.77369e-17      2.90349e-15      3.76318e+00         672.00       -1609.50       -672       -170       1609       1664       -420.56       1637.13         22827      4.53235e-14           -421.0           1637.2            502.2             54.0              0.2 
         5        43      1.39541e-02      1.92542e-03      1.76854e+01         670.00        -639.50       -670       -548        639        893       -609.31        767.99         24829      1.19415e+00           -609.0            766.5            254.0            122.0             90.0 
         5        50      1.88829e-03     -1.89320e-03      1.59195e+01         672.00        -839.50       -672       -549        839       1663       -611.18       1255.31         80538      1.17942e+00           -611.6           1251.4            824.0            120.8            -89.6 
         5        74     -1.53293e-04     -6.86408e-04     -8.06082e+00         299.00        -839.50       -299       -167        839       1664       -232.73       1254.71         85983      1.20339e+00           -233.7           1252.0            825.4            131.4             90.2 
         5        86     -3.35987e-02     -9.35433e-04     -1.84480e+01         299.00        -641.50       -299       -166        641        892       -229.04        767.18         25566      1.40248e+00           -232.6            767.0            251.6            132.4            -89.7 
         5       131      1.48315e-07     -4.23096e-06     -4.32884e-01         669.00        -639.50       -669       -166        639        694       -417.39        667.14         27141      2.45886e-02           -417.4            667.1            503.0             54.0              0.2 
         6        27     -1.10796e-17      1.93550e-16     -1.42761e-01        3601.00       -3497.50      -3601      -3265       3497       3560      -3433.68       3529.03         16673      3.07385e-15          -3433.6           3529.1            336.5             54.0           -178.4 
         7        29     -3.47933e-03     -1.36561e-05      9.51647e+01        -823.00        1104.50        823        882      -1104       -534        852.80       -822.08         25266      1.27917e+00            853.2           -819.5            570.4             56.2            -90.5 
         7        33     -1.72782e-03     -1.36616e-03      9.93299e+01        -377.00        1104.50        377        582      -1104       -532        481.06       -817.97         94835      1.31434e+00            479.7           -818.3            572.0            204.3            -90.2 
         7        45      8.03046e-04     -1.16761e-03      9.03643e+01        -449.00        1101.50        449        882      -1101       -532        665.98       -818.22        194352      1.31536e+00            665.6           -816.9            567.3            430.6             89.7 
         7        66     -1.84504e-03     -2.32180e-03      5.61369e+00        -374.00        1555.50        374        447      -1555      -1305        410.69      -1429.73         15012      1.27725e+00            410.5          -1430.5            250.3             72.1            -90.3 
         7        76     -1.27997e-03      5.88239e-04      8.46723e+00        -375.00        1358.50        375        448      -1358       -532        412.59       -949.85         47224      1.30056e+00            411.7           -945.5            826.1             72.0            -90.1 
         7        79     -2.78620e-04     -5.54565e-03     -3.06752e+01        -386.00        1557.50        386        877      -1557      -1523        634.88      -1540.55         12706      1.29354e+00            631.5          -1540.6            490.9             32.9            179.7 
         7       101      9.52948e-04      1.63233e-04     -2.39407e+01        -386.00        1557.50        386        882      -1557       -553        635.38      -1054.16        403042      1.25972e+00            633.6          -1055.6           1003.0            492.0            -90.3 
         7       111     -7.51921e-03     -2.28293e-03     -1.89620e+01        -374.00        1555.50        374        450      -1555      -1282        412.55      -1419.37         17078      1.29034e+00            412.0          -1419.0            273.0             76.0             90.0 
         7       124      9.35339e-03     -5.83500e-05     -3.00077e+01        -820.00        1557.50        820        878      -1557      -1285        848.78      -1420.08         12869      1.26696e+00            848.7          -1421.5            272.3             57.8            -90.3 
         7       125     -1.79061e-03      6.46934e-06     -1.84854e+01        -376.00        1335.50        376        451      -1335       -532        414.33       -936.54         47992      1.31521e+00            414.2           -934.0            803.3             74.7            -90.2 
         7       143      4.87122e-03     -1.31620e-03     -2.74545e+00        -814.00        1557.50        814        878      -1557      -1305        845.94      -1432.08         12629      1.28046e+00            845.9          -1431.6            252.1             63.2            -90.3 
         7       168      6.06441e-03     -4.94682e-04     -2.91523e+00        -816.00        1359.50        816        882      -1359       -534        849.41       -952.75         40946      1.34816e+00            849.0           -947.0            825.3             62.4            -90.3 
         7       177     -1.55300e-10     -5.57336e-09      1.55164e-01        -374.00        1557.50        374        877      -1557      -1502        625.58      -1530.07         27094      2.88706e-05            625.5          -1530.0            503.0             54.0            179.7 
         7       202      2.45600e-03      5.79223e-05     -2.45048e+01        -821.00        1339.50        821        882      -1339       -534        851.94       -944.36         36620      1.28455e+00            851.5           -936.9            805.0             57.5            -90.3 
         8        16      7.93652e-04      6.99280e-04     -3.48941e+00       -1576.00         340.50       1576       1705       -339        -86       1641.19       -211.98         25736      1.20074e+00           1641.2           -213.1            126.7            253.0            179.1 
         8        75      1.42297e-03      7.34838e-04     -2.01317e+00       -1579.00         140.50       1579       1714       -140        684       1646.79        271.53         83817      1.20991e+00           1647.6            271.9            825.0            126.0            -90.8 
         8       141      2.89942e-10      1.82871e-09     -8.28475e-01       -1576.00         345.50       1576       2079       -345       -285       1827.83       -315.44         27122      2.67699e-05           1827.8           -315.4            502.9             54.0            179.1 
         8       147      2.10305e-03     -9.22030e-04     -1.55859e+01       -1951.00         146.50       1951       2094       -146        679       2022.62        261.20         86634      1.22606e+00           2022.5            266.2            825.1            131.3            -90.9 
         8       154      1.77735e-03      2.50877e-05     -1.63307e+01       -1947.00         345.50       1947       2082       -345        -91       2014.59       -219.09         26417      1.16224e+00           2015.0           -218.8            253.1            131.9            -91.0 
         8       191     -1.16958e-17     -2.81893e-16      9.23584e-01       -1591.00        -624.50       1591       2094        624        684       1842.39        654.50         24131      4.53700e-15           1842.4            654.5            503.0             54.0            179.1 
         9        73      6.66421e-09     -3.38368e-09     -1.21272e+00        3601.00        3555.50      -3601      -3409      -3555      -3496      -3505.07      -3525.60         10238      3.04656e-05          -3505.4          -3525.7            192.9             54.0              1.8 
         9       142     -1.66086e-02      1.06612e-03     -4.93338e+01        3479.00        3600.50      -3479      -3407      -3600      -3496      -3442.42      -3548.16          5739      1.35160e+00          -3443.4          -3549.2            104.8             70.4            -88.3 
        10        68     -1.56693e-03     -4.18305e-04      1.43803e+02        1806.00        1113.50      -1806      -1648      -1113       -541      -1727.34       -828.60         69701      1.29248e+00          -1727.9           -827.5            570.6            151.8            -89.1 
        10        99      2.60009e-03      3.58324e-05      1.48884e+01        1364.00        1366.50      -1364      -1294      -1366       -558      -1328.80       -966.97         40494      1.31469e+00          -1329.7           -962.2            808.2             63.1            -89.3 
        10       108      5.40637e-04     -8.19250e-04      1.51677e+02        1790.00        1111.50      -1790      -1297      -1111       -537      -1544.29       -823.95        223120      1.25621e+00          -1543.4           -824.2            568.6            487.0             90.7 
        10       132      6.48269e-04     -9.57346e-04      4.78778e+01        1371.00        1366.50      -1371      -1294      -1366       -537      -1332.46       -956.98         45498      1.30002e+00          -1332.2           -951.9            828.9             70.1             90.5 
        10       193      1.91354e-03     -4.39234e-04      1.58108e+02        1412.00        1108.50      -1412      -1297      -1108       -537      -1354.99       -822.24         49669      1.28927e+00          -1354.5           -823.2            571.4            110.4             90.6 
        10       215     -5.11733e-03     -1.24602e-03     -9.08251e+00        1806.00        1371.50      -1806      -1736      -1371       -545      -1771.87       -961.71         39827      1.32773e+00          -1770.8           -958.8            826.2             61.7             90.8 
        10       216      2.31310e-17     -2.54874e-15     -2.70306e+00        1796.00        1371.50      -1796      -1294      -1371      -1312      -1544.83      -1342.11         24319      3.97207e-14          -1545.0          -1342.0            502.7             54.0              0.7 
        11        47      1.47755e-02      8.40690e-04     -3.98644e+01        -798.00        3299.50        798        884      -3299      -2495        842.65      -2892.64         51960      1.45216e+00            841.3          -2897.5            804.5             82.5            -90.4 
        11        48      1.64138e-04     -3.99719e-04     -2.37227e+00       -1220.00        3303.50       1220       1307      -3303      -2475       1264.91      -2895.27         52404      1.29755e+00           1263.6          -2889.7            828.4             81.0            -90.5 
        11        79     -3.51767e-03      1.00268e-03     -2.09250e+01        -805.00        2549.50        805        885      -2549      -2275        845.41      -2412.37         17437      1.29729e+00            845.0          -2412.5            273.7             79.5            -90.3 
        11        93      5.37577e-04     -7.30881e-04     -2.77003e+01        -805.00        3283.50        805       1309      -3283      -2276       1056.79      -2779.67        397669      1.29014e+00           1056.5          -2779.7           1003.7            497.3            -90.5 
        11       105     -9.96406e-10      1.36434e-08     -1.13598e+00        -798.00        3303.50        798       1300      -3303      -3246       1049.01      -3274.95         27123      2.71766e-05           1049.0          -3274.9            502.5             54.0            179.5 
        11       123      1.55102e-03      2.00690e-04     -2.21611e+01       -1231.00        3303.50       1231       1307      -3303      -2499       1270.18      -2906.71         44358      1.28332e+00           1270.4          -2901.9            804.1             69.5             89.3 
        11       124     -1.60444e-03     -2.97888e-03     -2.98625e+01        -813.00        2312.50        813       1309      -2312      -2276       1061.60      -2294.61         13660      1.31138e+00           1061.0          -2294.5            496.3             33.5            179.5 
        11       134      1.24133e-02     -1.05905e-03     -2.43766e+01        -798.00        3299.50        798        871      -3299      -2474        836.47      -2878.38         44779      1.39307e+00            835.9          -2887.0            825.6             69.8             89.5 
        11       143      7.15192e-18      8.20470e-16      6.24695e-01        -807.00        2333.50        807       1309      -2333      -2275       1057.72      -2304.78         22474      1.27981e-14           1058.0          -2304.8            502.5             54.0             -0.5 
        11       157     -6.85422e-04     -1.00296e-04     -2.02138e+01       -1241.00        2553.50       1241       1309      -2553      -2280       1275.61      -2417.02         15092      1.27107e+00           1275.5          -2417.0            273.8             66.2            -90.7 
        11       177     -5.94490e-03      2.57478e-03      6.52064e+00        -805.00        2528.50        805        872      -2528      -2275        838.95      -2402.77         13475      1.26133e+00            839.0          -2401.8            252.0             66.9             89.5 
        11       180     -4.90023e-03      1.83422e-03      6.51780e+00       -1230.00        2529.50       1230       1309      -2529      -2279       1270.53      -2403.92         15861      1.31977e+00           1270.2          -2404.7            249.6             77.3             89.3 
        11       183      1.03131e-03      5.30654e-03     -9.73436e+00        -804.00        3303.50        804       1300      -3303      -3225       1054.35      -3264.73         30081      1.29520e+00           1052.3          -3264.7            496.0             74.6             -0.5 
        12        33     -1.35328e-03     -1.22573e-03     -1.05074e+00         -79.00        1099.50         79        205      -1099       -271        142.46       -677.92         80925      1.34548e+00            142.0           -685.5            828.0            126.0             90.0 
        12        65     -2.97434e-03      2.64813e-03     -9.03158e+01         298.00        1100.50       -298          7      -1100       -531       -150.80       -815.97        135542      1.35253e+00           -145.5           -816.0            569.0            305.0             90.0 
        12        76     -5.87560e-03      3.48502e-03     -8.97429e+01          55.00        1100.50        -55        205      -1100       -528         77.03       -813.75        116499      1.32559e+00             75.0           -814.5            572.0            260.0             90.0 
        12        86      7.99869e-10     -7.56314e-09      2.52523e+00         297.00         130.50       -297        205       -130        -76        -46.54       -103.71         26973      2.94712e-05            -46.0           -103.5             54.0            502.0             90.0 
        12        96     -3.25716e-03      2.36936e-03     -1.16115e+02         298.00        1100.50       -298         17      -1100       -551       -144.88       -826.33        136882      1.33540e+00           -141.0           -826.3            549.1            314.8            -89.9 
        12       125     -5.43675e-03      2.43732e-03     -1.17458e+02          52.00        1100.50        -52        205      -1100       -504         76.43       -799.95        116063      1.35141e+00             76.5           -802.5            596.0            257.0             90.0 
        12       131      4.14948e-03      1.14122e-03      1.59518e+01         298.00         328.50       -298       -163       -328        -77       -229.50       -203.21         26861      1.25691e+00           -230.5           -203.0            251.0            135.0             90.0 
        12       174     -4.69850e-03     -7.22651e-04      1.41714e+01         298.00        1100.50       -298       -160      -1100       -275       -228.14       -693.72         87745      1.30836e+00           -229.0           -688.0            825.0            138.0             90.0 
        12       194     -6.40889e-03      3.08029e-03      7.61549e-01         -81.00         325.50         81        205       -325        -76        142.29       -203.00         24545      1.39840e+00            143.0           -201.0            249.0            124.0             90.0 
        13        34      4.80191e-18     -7.31511e-16      7.39441e-01         925.00        1360.50       -925       -422      -1360      -1304       -673.04      -1332.15         24184      1.14158e-14           -673.4          -1332.2            503.0             54.0              0.3 
        13        59     -6.29263e-04      1.26936e-03     -3.37268e+01         928.00        1337.50       -928       -422      -1337       -528       -675.40       -932.61        326555      1.27304e+00           -675.5           -932.7            502.8            807.1              0.3 
        13        65     -3.99805e-03      1.93306e-03     -7.93858e+00         497.00        1357.50       -497       -422      -1357       -532       -460.12       -948.42         48232      1.34928e+00           -460.4           -945.0            825.4             73.3             90.3 
        13        96     -3.24679e-03      1.82210e-03     -3.33073e+01         487.00        1357.50       -487       -422      -1357       -552       -455.30       -960.10         40477      1.35967e+00           -455.7           -955.1            805.1             63.6            -89.7 
        13        99      1.59480e-03     -3.86760e-04     -3.17281e+01         929.00        1360.50       -929       -854      -1360       -554       -892.08       -961.23         45155      1.32187e+00           -891.3           -957.3            806.1             71.1             90.3 
        13       132      2.38155e-03     -9.91958e-04      4.90670e+00         929.00        1360.50       -929       -861      -1360       -533       -895.43       -947.18         41521      1.27336e+00           -894.9           -946.9            826.9             64.1             90.3 
        13       163     -1.65385e-03     -1.77459e-03     -3.69789e+01         924.00        1360.50       -924       -422      -1360      -1281       -672.02      -1319.96         30426      1.28222e+00           -673.0          -1320.6            502.3             77.1           -179.7 
        13       174      3.82247e-03      8.76014e-04      1.01957e+02         665.00        1104.50       -665       -424      -1104       -528       -543.71       -816.37        111228      1.26068e+00           -544.4           -816.4            575.9            239.5            -89.7 
        13       175      7.83048e-04     -2.18816e-04      1.05601e+02         929.00        1102.50       -929       -536      -1102       -528       -731.92       -816.17        179988      1.25374e+00           -732.4           -815.5            572.3            390.7             90.4 
        13       193      8.56096e-03     -4.63441e-05      1.19102e+02         929.00        1104.50       -929       -904      -1104       -530       -917.18       -821.54          9793      1.36287e+00           -916.8           -817.5            574.1             22.0             90.4 
        14        97     -1.60386e-03      5.22603e-04      1.64389e+01       -2004.00       -2763.50       2004       2138       2763       3589       2071.62       3171.74         80362      1.18672e+00           2070.8           3176.2            825.3            122.2            -90.9 
        14       112     -9.61220e-04      7.15266e-03     -7.34627e+00       -2018.00       -3534.50       2018       2138       3534       3597       2078.10       3566.25          6240      1.24665e+00           2078.0           3566.0             63.0            120.0             90.0 
        14       115      2.37840e-10     -2.81865e-09     -9.99369e-01       -2004.00       -2756.50       2004       2507       2756       2818       2255.43       2787.16         27113      2.52593e-05           2255.4           2787.2            503.1             54.0            179.0 
        14       161      5.91759e-03      6.36213e-04     -3.50340e+01       -2405.00       -3526.50       2405       2521       3526       3597       2462.14       3562.53          6183      1.16945e+00           2463.3           3563.2            115.5             71.0            178.8 
        14       205     -2.44537e-03     -1.87458e-03     -6.37266e+00       -2389.00       -2756.50       2389       2521       2756       3582       2454.76       3169.11         76947      1.23677e+00           2456.0           3169.1            117.9            825.3             -1.2 
        15        21     -1.50849e-03     -1.35808e-03      6.07847e+00        2226.00       -2761.50      -2226      -2101       2761       3589      -2164.10       3172.71         75552      1.17660e+00          -2163.7           3175.7            827.3            112.6             91.0 
        15        44      9.21046e-10     -9.01226e-09     -5.62858e-01        2210.00       -2564.50      -2210      -1707       2564       2625      -1958.79       2595.23         27129      2.73930e-05          -1958.8           2595.2            503.1             54.0              0.9 
        15        58      1.00125e-03      6.09080e-04      4.70560e+00        2213.00       -2564.50      -2213      -2097       2564       2816      -2155.40       2689.63         22452      1.10534e+00          -2155.2           2690.6            251.1            113.3             90.9 
        15        70     -1.89229e-04      5.58125e-04     -3.28516e-01        1835.00       -2570.50      -1835      -1707       2570       2823      -1771.40       2697.33         25892      1.14021e+00          -1771.4           2697.3            252.1            125.0            -89.1 
        15        72      3.48677e-04     -1.37976e-04      1.01692e+00        1844.00       -2768.50      -1844      -1711       2768       3595      -1778.36       3182.24         83089      1.15890e+00          -1777.7           3182.3            826.4            124.7             90.7 
        15       138      7.23598e-10     -5.12806e-09      6.43182e-01        2226.00       -3534.50      -2226      -1723       3534       3595      -1974.29       3565.38         27103      3.02035e-05          -1974.5           3565.4            503.1             54.0           -179.1 
        16        29      1.26583e-03      1.37105e-03      2.36191e+01       -1191.00        1106.50       1191       1333      -1106       -280       1263.12       -695.74         87971      1.23634e+00           1261.8           -693.2            825.9            135.3            -90.5 
        16        62      4.10553e-03      5.64839e-05     -7.75688e+01       -1249.00        1110.50       1249       1700      -1110       -535       1474.59       -821.34        205757      1.27139e+00           1474.3           -823.2            571.0            445.4            -90.7 
        16        75      7.36751e-11     -1.80816e-08      2.59733e+00       -1203.00         140.50       1203       1705       -140        -81       1454.22       -111.34         27084      2.95792e-05           1454.0           -111.3            502.7             54.0            179.3 
        16       119     -6.98981e-04     -5.25192e-04      2.48614e+01       -1200.00         334.50       1200       1334       -334        -81       1267.22       -207.77         26544      1.20841e+00           1267.6           -208.2            252.2            132.7             89.3 
        16       141      1.33065e-03      8.13669e-04     -5.03044e-01       -1565.00        1110.50       1565       1703      -1110       -285       1634.58       -699.54         85539      1.21874e+00           1635.0           -698.1            825.0            129.0             89.2 
        16       159      2.78554e-03      9.36275e-04     -8.74641e+01       -1259.00        1110.50       1259       1700      -1110       -559       1480.45       -836.58        189104      1.27929e+00           1479.3           -835.4            546.7            435.0            -90.7 
        16       167     -1.30074e-01      2.84095e-03      1.45174e+02       -1691.00        1110.50       1691       1700      -1110       -539       1694.88       -896.49           880      1.42590e+00           1694.8           -875.0            471.1              3.1            -90.7 
        16       168     -1.77574e-03      1.57822e-03     -6.11594e+01       -1191.00        1106.50       1191       1325      -1106       -535       1258.69       -822.10         58513      1.28733e+00           1258.1           -820.8            570.7            130.2            -90.5 
        16       202     -4.83663e-04      2.07576e-03     -8.73457e+01       -1191.00        1106.50       1191       1331      -1106       -511       1261.05       -809.30         63898      1.27116e+00           1261.0           -809.0            594.3            135.8            -90.6 
        17        69     -7.53018e-03     -3.91098e-03     -3.86210e+01        3109.00        1597.50      -3109      -3029      -1597      -1346      -3069.05      -1472.58         14782      1.35631e+00          -3069.1          -1471.8            250.5             75.0             91.4 
        17       127     -3.48818e-03      1.70725e-03     -8.68483e+00        3532.00        2382.50      -3532      -3445      -2382      -1556      -3490.10      -1960.86         41576      1.39877e+00          -3490.3          -1969.7            825.7             65.8            -88.2 
        17       166      2.78155e-09     -2.72468e-08     -5.71294e-02        3538.00        1412.50      -3538      -3035      -1412      -1346      -3287.00      -1379.49         25063      3.04031e-05          -3286.7          -1379.5            504.1             54.0           -178.4 
        17       169     -4.51058e-03     -1.71123e-03     -1.90731e+01        3538.00        1611.50      -3538      -3469      -1611      -1358      -3504.10      -1486.21         12621      1.36461e+00          -3504.1          -1484.8            252.6             63.2            -88.2 
        17       197     -1.62073e-15      1.09605e-13      1.69733e+00        3511.00        2382.50      -3511      -3009      -2357      -2341      -3259.76      -2349.49            80      5.63874e-15          -3259.7          -2349.3            503.1             54.0              1.6 
        18        19     -2.07002e-10     -1.00751e-08      3.62465e-01       -3483.00        -788.50       3483       3598        788        845       3540.89        816.84          6216      3.04974e-05           3541.1            816.9            115.6             54.0            178.2 
        18        80      2.28786e-03      2.08324e-03     -2.05380e+01       -3477.00        -590.50       3477       3598        590        845       3539.79        718.06         24287      1.26962e+00           3540.7            717.9            121.6            252.2            178.4 
        18        89     -3.91303e-10      2.70445e-09      1.73412e+00       -3453.00         181.50       3453       3598       -181       -124       3525.82       -153.25          7785      2.66503e-05           3526.2           -153.2            145.3             54.0             -1.8 
        19        42     -7.65529e-04      1.74502e-03     -1.06749e+01       -3507.00       -1561.50       3507       3598       1561       1814       3554.03       1686.06         18092      1.24430e+00           3552.5           1688.0            253.0             91.0             90.0 
        19        80     -1.50911e-04      1.04398e-03     -1.12275e+01       -3483.00        -788.50       3483       3598        788       1616       3546.64       1187.61         69316      1.22311e+00           3540.5           1202.5            828.0            115.0             90.0 
        19       182      2.08302e-17     -4.38831e-17      2.12280e-01       -3513.00       -1759.50       3513       3598       1759       1814       3555.22       1787.18          3856      8.62467e-16           3555.9           1787.1             85.8             54.0             -1.7 
        20        47     -1.59265e-03     -2.38897e-03     -3.06415e+01        -376.00        3519.50        376        866      -3519      -3442        622.64      -3480.97         30307      1.23858e+00            621.0          -3480.9            490.4             75.2            179.7 
        20        81     -1.91145e-03     -1.29381e-03     -2.42094e+01        -375.00        3600.50        375        866      -3600      -3463        621.10      -3532.60         54952      1.24352e+00            620.5          -3532.0            137.0            491.0             90.0 
        20       105     -2.95706e-03     -2.92970e-03     -3.26653e+00        -795.00        3600.50        795        866      -3600      -3444        830.55      -3523.06          9074      1.31850e+00            830.5          -3522.5            156.0             71.0             90.0 
        20       134      2.12040e-10      1.02096e-09     -3.70755e+00        -364.00        3498.50        364        866      -3498      -3442        614.97      -3470.33         27098      3.04340e-05            615.0          -3470.3            502.3             54.0             -0.3 
        20       145      4.44035e-04     -5.49548e-03     -3.61761e+01        -363.00        3600.50        363        447      -3600      -3442        405.72      -3522.04         10834      1.25347e+00            405.0          -3521.5            158.0             84.0             90.0 
        20       172      2.43415e-03     -4.19849e-03     -4.09954e+00        -363.00        3600.50        363        443      -3600      -3442        403.50      -3521.14         10480      1.24427e+00            403.0          -3521.5            158.0             80.0             90.0 
        20       183     -1.49655e-03     -3.62471e-03     -3.21946e+01        -802.00        3600.50        802        866      -3600      -3444        833.95      -3522.99          8323      1.23472e+00            834.0          -3522.5            156.0             64.0             90.0 
        21        51     -4.02556e-04      1.59042e-03      1.20780e+01        2620.00       -2754.50      -2620      -2477       2754       3579      -2548.60       3164.33         84677      1.15550e+00          -2548.9           3166.9            126.9            824.6              1.3 
        21        58      1.68093e-09      2.43146e-09     -1.11806e+00        2604.00       -2754.50      -2604      -2101       2754       2816      -2352.36       2785.39         27123      2.74273e-05          -2352.3           2785.4            503.1             54.0              1.1 
        21       138     -4.26909e-03      1.68550e-03     -1.94036e+01        2226.00       -3534.50      -2226      -2116       3534       3597      -2170.57       3567.32          5510      1.17983e+00          -2171.0           3566.0             63.0            110.0             90.0 
        21       196      3.53123e-03     -1.22825e-03      3.26624e+01        2620.00       -3524.50      -2620      -2494       3524       3597      -2556.44       3561.72          7531      1.24458e+00          -2557.0           3561.0             73.0            126.0             90.0 
        22        77      1.39799e-03      1.04272e-02     -5.18787e+01       -3566.00       -3502.50       3566       3598       3502       3597       3582.95       3548.77          2367      1.11909e+00           3582.0           3550.0             95.0             32.0             90.0 
        22       104      3.09725e-03     -1.68933e-03     -1.65665e+01       -3542.00       -2730.50       3542       3598       2730       3556       3575.95       3091.67         28680      1.25187e+00           3570.0           3143.5            826.0             56.0             90.0 
        22       182      2.93017e-08     -9.12213e-09      1.63082e-01       -3542.00       -2730.50       3542       3598       2730       2784       3570.64       2757.29          3007      2.58405e-05           3570.0           2757.5             54.0             56.0             90.0 
        23        55      3.48045e-04     -8.23084e-04     -1.07599e+01        3340.00        -794.50      -3340      -3188        794       1620      -3264.01       1207.74         86348      1.18224e+00          -3263.8           1207.5            823.9            132.2             91.5 
        23        85      1.70018e-02     -2.40186e-03      5.89898e+01        3601.00        -783.50      -3601      -3572        783       1609      -3591.50       1091.75         11372      1.22762e+00          -3586.5           1196.5            826.0             29.0             90.0 
        23        87     -2.64330e-03     -9.58162e-04     -2.06399e+01        3320.00        -594.50      -3320      -3182        594        850      -3248.20        723.79         25575      1.21719e+00          -3251.4            722.6            254.5            132.8            -88.4 
        23       128      7.26921e-10     -1.15457e-08     -1.02021e+00        3601.00        -585.50      -3601      -3182        585        650      -3391.82        618.33         22640      2.77314e-05          -3392.0            618.3            419.8             54.0              1.6 
        23       130     -7.43104e-03      6.40892e-04     -2.81022e+01        3601.00        -585.50      -3601      -3565        585        837      -3585.46        705.24          6462      1.14206e+00          -3583.0            711.5            252.0             36.0             90.0 
        23       176     -2.12381e-09     -3.10522e-09     -1.44808e-01        3601.00       -1556.50      -3601      -3210       1556       1620      -3405.74       1588.49         21128      3.05135e-05          -3405.8           1588.5            392.0             54.0              1.6 
        24        50      1.43587e-03     -3.94723e-03      1.49818e+01         673.00       -1609.50       -673       -554       1609       1863       -613.20       1737.30         24291      1.16130e+00           -613.8           1736.4            254.0            118.4            -89.6 
        24        53      4.65868e-20     -2.14997e-16      1.38458e+00         676.00       -2579.50       -676       -174       2579       2634       -425.20       2607.29         24132      3.35022e-15           -425.0           2607.3            502.2             54.0              0.2 
        24        61     -8.02571e-04     -7.75700e-04      9.18880e+00         676.00       -1809.50       -676       -556       1809       2633       -616.54       2214.82         77801      1.15137e+00           -616.2           2221.5            824.1            117.7             90.3 
        24        74      4.61657e-03     -4.02889e-04     -1.12828e+01         298.00       -1611.50       -298       -170       1611       1862       -234.71       1736.79         25960      1.17748e+00           -234.0           1737.0            251.0            128.0             90.0 
        25        92     -4.23276e-03      1.80788e-03      2.64334e+01       -2944.00        3600.50       2944       3022      -3600      -3479       2983.17      -3540.29          7300      1.24882e+00           2983.2          -3540.7            121.5             75.6            -91.4 
        25       106      8.80848e-04     -9.49091e-04     -1.83218e+01       -3374.00        3545.50       3374       3455      -3545      -3293       3414.83      -3421.29         15141      1.21462e+00           3415.2          -3419.5            250.7             74.9             88.3 
        25       151      2.84602e-03      6.51721e-04     -1.98327e+01       -3373.00        3600.50       3373       3450      -3600      -3490       3410.79      -3546.04          6817      1.18446e+00           3411.3          -3546.1            110.8             75.0            -91.5 
        25       185      2.20909e-03      2.97584e-04      3.09373e+00       -2946.00        3534.50       2946       3027      -3534      -3281       2986.73      -3407.74         15227      1.19787e+00           2986.6          -3408.2            251.6             75.3             88.6 
        25       207     -7.72223e-17     -3.78018e-15      3.29474e+00       -2952.00        3348.50       2952       3455      -3348      -3281       3203.64      -3315.31         22876      5.89496e-14           3203.1          -3315.4            503.8             54.0            178.4 
        26        88     -8.58212e-05      9.30776e-04     -2.67100e+01         481.00        3516.50       -481         11      -3516      -3442       -233.77      -3479.10         29872      1.21155e+00           -235.0          -3479.5             74.0            492.0             90.0 
        26        91      1.69390e-03     -2.46365e-03     -6.48132e+00         491.00        3600.50       -491       -410      -3600      -3442       -450.49      -3520.53         10334      1.24424e+00           -450.5          -3521.5            158.0             81.0             90.0 
        26        98      3.78099e-09     -7.02856e-10     -1.82381e+00         491.00        3496.50       -491         11      -3496      -3442       -239.71      -3469.05         27117      2.91593e-05           -240.0          -3469.5             54.0            502.0             90.0 
        26       114      1.87349e-03     -1.06815e-04     -3.26764e+01         491.00        3600.50       -491       -408      -3600      -3442       -449.92      -3520.25         10780      1.26307e+00           -449.5          -3521.5            158.0             83.0             90.0 
        26       145     -1.38115e-03      2.46130e-03     -2.28729e+01          55.00        3600.50        -55         11      -3600      -3442        -22.11      -3521.84          9084      1.23780e+00            -22.0          -3521.5            158.0             66.0             90.0 
        26       149     -3.38775e-05      2.36799e-03     -2.11423e+01         481.00        3600.50       -481         11      -3600      -3462       -231.54      -3531.44         55872      1.23341e+00           -235.0          -3531.5            138.0            492.0             90.0 
        26       172     -6.39131e-04      1.01176e-03      4.78142e-01          60.00        3600.50        -60         11      -3600      -3442        -24.70      -3523.34          9339      1.29262e+00            -24.5          -3521.5            158.0             71.0             90.0 
        27       109     -2.69730e-03     -1.04846e-03     -1.98954e+01        3370.00       -2533.50      -3370      -3237       2533       2790      -3303.20       2661.77         25984      1.15696e+00          -3304.0           2662.3            126.9            254.5           -178.4 
        27       176     -3.11896e-11     -2.73129e-08     -1.36415e-01        3601.00       -2527.50      -3601      -3237       2527       2590      -3419.63       2558.73         19639      2.32090e-05          -3419.7           2558.7            364.2             54.0              1.6 
        28       146      5.74057e-03      1.32421e-03     -1.22650e+01       -2999.00        1594.50       2999       3072      -1594      -1342       3036.24      -1468.03         13542      1.22851e+00           3035.7          -1468.3            251.5             68.2            -91.3 
        28       152     -7.17471e-04      1.23595e-03     -1.20999e+01       -3411.00        2378.50       3411       3503      -2378      -1550       3456.99      -1971.63         45261      1.18667e+00           3456.8          -1964.7            827.7             70.5            -91.6 
        28       201     -2.62482e-10      2.38081e-08      2.71613e+00       -3004.00        1408.50       3004       3508      -1408      -1342       3256.31      -1375.56         24105      3.05134e-05           3256.2          -1375.6            503.1             54.0            178.4 
        28       207      2.42745e-10     -1.83204e-08     -3.23831e+00       -2978.00        2378.50       2978       3482      -2378      -2312       3229.70      -2345.42         27134      4.23424e-05           3229.8          -2345.4            503.1             54.0            178.4 
        28       210      3.36818e-03      1.17117e-03     -4.46332e+00       -2978.00        2366.50       2978       3067      -2366      -1539       3023.80      -1956.70         45620      1.19446e+00           3023.0          -1953.3             71.0            826.7             -1.4 
        28       213      9.80640e-04      6.18904e-04     -1.70694e+01       -3434.00        1605.50       3434       3508      -1605      -1354       3471.22      -1481.24         13134      1.23584e+00           3471.5          -1479.8            250.6             67.7             88.3 
        29        45      7.85869e-04     -1.36133e-03     -1.94973e+00        -823.00        1101.50        823        956      -1101       -276        889.93       -692.96         83924      1.20417e+00            890.8           -689.5            824.9            128.7             89.5 
        29        62     -8.81792e-04     -2.37984e-03     -9.72875e+01       -1249.00        1108.50       1249       1330      -1108       -535       1289.92       -821.98         35216      1.27653e+00           1289.6           -822.0            573.1             77.5            -90.5 
        29       101      9.17105e-04      6.41321e-04     -1.15728e+02        -823.00        1104.50        823        894      -1104       -555        858.55       -836.22         29157      1.27227e+00            858.8           -830.0            549.4             68.1            -90.4 
        29       119     -2.39695e-10      4.61750e-09     -6.18162e-01        -830.00         334.50        933       1299       -313       -294       1149.75       -302.25             0             -nan           1081.4           -305.7            503.0             54.0            179.5 
        29       159     -3.71582e-03     -1.19808e-03     -1.04977e+02       -1259.00        1108.50       1259       1330      -1108       -559       1295.23       -833.78         28520      1.24979e+00           1294.7           -834.2            548.8             67.1            -90.5 
        29       168      1.53928e-03     -3.11125e-04     -9.08486e+01        -823.00        1108.50        823       1325      -1108       -531       1072.92       -818.94        230402      1.26366e+00           1074.2           -820.2            573.0            497.9            -90.5 
        29       202      1.89822e-03      3.30587e-04     -1.15789e+02        -823.00        1108.50        823       1331      -1108       -508       1076.36       -808.96        236803      1.26930e+00           1076.9           -808.5            503.0            596.4            179.5 
        30       102      2.05333e-03     -6.54988e-03      1.80056e+01        -474.00       -3554.50        474        593       3554       3597        533.55       3576.69          4267      1.23749e+00            533.5           3576.0             43.0            119.0             90.0 
        30       133      7.07812e-05      3.10185e-03     -8.43140e+00         -90.00       -3555.50         90        203       3555       3597        147.78       3576.67          4031      1.14717e+00            146.5           3576.5             42.0            113.0             90.0 
        30       200      7.45003e-10     -4.84726e-09      9.01859e-01         -90.00       -3554.50         90        593       3554       3597        343.33       3576.19         21913      2.56225e-05            341.5           3576.0             43.0            503.0             90.0 
        31        37     -2.71864e-17     -2.44764e-15     -8.58582e-01       -1660.00        3293.50       1660       2163      -3293      -3232       1911.35      -3263.25         25459      3.81975e-14           1911.4          -3263.3            503.1             54.0            179.1 
        31        48     -2.90240e-03      9.76828e-04      2.86535e+01       -1660.00        3286.50       1660       1733      -3286      -2481       1697.38      -2889.80         40705      1.29513e+00           1697.5          -2883.9            805.7             63.8             89.1 
        31        83     -1.34882e-04      1.50970e-03      1.05605e+01       -1675.00        2343.50       1675       2174      -2343      -2262       1923.56      -2302.32         29216      1.28470e+00           1924.5          -2302.9            498.4             73.7            179.1 
        31       123     -1.19119e-03      7.58293e-04      5.55527e+00       -1660.00        3286.50       1660       1744      -3286      -2505       1702.61      -2899.78         46157      1.27952e+00           1702.0          -2896.0            781.5             75.3            -90.7 
        31       150      1.07339e-12      2.60823e-09      3.70166e-02       -1676.00        2323.50       1676       2178      -2323      -2262       1926.92      -2293.14         27078      2.96665e-05           1926.9          -2293.2            502.8             54.0            179.1 
        31       157     -1.41214e-03     -4.59976e-04      2.85795e+00       -1672.00        2559.50       1672       1747      -2559      -2262       1710.14      -2409.16         17298      1.32980e+00           1709.4          -2410.9            296.7             72.5            -90.7 
        31       160     -6.73908e-04      6.21947e-04     -2.19423e+01       -2081.00        3293.50       2081       2175      -3293      -2490       2129.19      -2893.50         52271      1.30888e+00           2129.5          -2892.1            803.5             81.6             88.9 
        31       164      1.26016e-04      4.22146e-03      1.92642e+01       -1660.00        3293.50       1660       2157      -3293      -3252       1908.45      -3272.81         13680      1.18096e+00           1908.5          -3273.0            497.6             34.5            179.1 
        31       180     -5.29547e-03     -1.42253e-04      2.71159e+01       -1672.00        2534.50       1672       1736      -2534      -2262       1704.79      -2397.60         13039      1.30232e+00           1704.0          -2398.7            272.3             61.3            -90.7 
        31       190      1.79894e-04      8.09858e-04      8.26748e+00       -1660.00        3293.50       1660       2173      -3293      -2282       1916.90      -2790.49        401605      1.25984e+00           1916.5          -2788.0            498.4           1004.7            179.1 
        31       214      1.94066e-03     -1.17688e-04     -2.99549e+01       -2096.00        2544.50       2096       2178      -2544      -2269       2137.76      -2408.59         17484      1.32175e+00           2137.8          -2407.0            274.8             78.5             88.9 
        32        53     -3.09435e-04     -3.51583e-04     -7.94710e+00         680.00       -2779.50       -680       -562       2779       3597       -621.09       3187.28         76286      1.17212e+00           -621.6           3188.7            818.3            115.1             90.3 
        32        61     -1.09753e-09     -5.81328e-08     -2.66929e+00        1065.00       -2776.50      -1065       -562       2776       2833       -813.22       2805.23         27122      4.19734e-05           -813.4           2805.2            503.0             54.0           -179.6 
        32       100     -1.86002e-03      1.45521e-04     -7.59201e-02        1070.00       -2776.50      -1070       -943       2776       3597      -1007.10       3185.05         82168      1.15467e+00          -1007.7           3187.5            821.2            123.0            -89.4 
        32       117     -2.70615e-03     -1.34680e-02      3.99823e+01         680.00       -3550.50       -680       -567       3550       3597       -622.50       3574.21          4537      1.21025e+00           -623.5           3574.0            113.0             47.0             -0.0 
        32       121     -2.79949e-03     -9.03918e-04      5.43772e-01        1070.00       -3550.50      -1070       -950       3550       3597      -1010.74       3574.40          4674      1.09957e+00          -1010.0           3574.0             47.0            120.0             90.0 
        33        45     -1.51721e-03      3.05388e-04     -6.64917e+00        -449.00        1099.50        449        584      -1099       -272        516.71       -689.45         85561      1.26246e+00            516.6           -686.0            827.2            132.1            -90.3 
        33        76      2.93180e-03      3.20031e-03     -9.08884e+01         -79.00        1103.50         79        448      -1103       -528        266.61       -812.72        167557      1.33391e+00            263.5           -816.0            575.0            369.0             90.0 
        33       101      3.24509e-03      1.51443e-03     -1.23654e+02        -388.00        1104.50        388        582      -1104       -553        486.19       -829.78         85005      1.26547e+00            485.2           -828.9            550.9            193.3            -90.2 
        33       125      3.62892e-03      1.89007e-03     -1.18818e+02         -79.00        1103.50         79        451      -1103       -505        269.51       -798.74        176259      1.34285e+00            265.0           -804.5            598.0            372.0             90.0 
        33       194     -4.91279e-19      5.35596e-17      3.77502e-01         -81.00         326.50         81        583       -326       -271        331.57       -298.97         26155      8.40990e-16            332.0           -299.0            502.1             54.0            179.9 
        34        59     -1.64714e-03      6.88906e-03     -2.74053e+01         924.00        1337.50       -924       -422      -1337      -1304       -672.29      -1320.48         11972      1.34170e+00           -673.0          -1320.7            502.2             31.1              0.3 
        34        65     -1.80738e-03     -1.76912e-03     -1.18882e+01         495.00        1555.50       -495       -421      -1555      -1304       -458.87      -1429.43         14948      1.31688e+00           -458.0          -1430.0            251.0             74.0             90.0 
        34        96      3.03749e-03     -1.95348e-03     -3.59038e+01         486.00        1576.50       -486       -421      -1576      -1304       -454.09      -1441.58         14014      1.37539e+00           -453.5          -1440.5            272.0             65.0             90.0 
        34        99      4.51180e-03     -2.24994e-03     -3.24035e+01         925.00        1577.50       -924       -852      -1577      -1306       -887.99      -1441.53         15309      1.22494e+00           -888.3          -1442.0            271.3             72.0             90.3 
        34       116      8.94219e-04     -5.03970e-03     -4.55144e+01         918.00        2330.50       -918       -417      -2330      -2251       -664.67      -2290.65         32044      1.22889e+00           -667.5          -2290.7            501.4             77.1           -179.7 
        34       126      2.30782e-03      1.62859e-03     -2.78853e+01         485.00        2327.50       -485       -417      -2327      -1522       -451.19      -1932.42         43393      1.25686e+00           -450.9          -1925.1            805.0             66.3             90.2 
        34       132      4.51840e-03     -1.85492e-03      5.01421e+00         925.00        1557.50       -925       -859      -1557      -1306       -891.19      -1431.15         13207      1.31502e+00           -892.1          -1431.9            251.1             64.8            -89.5 
        34       137     -7.03476e-10      1.11750e-08      1.07776e+00         919.00        2330.50       -919       -417      -2330      -2274       -667.74      -2302.22         27099      3.03647e-05           -668.0          -2302.2            502.3             54.0              0.3 
        34       153     -6.69624e-04      1.12130e-03      5.76186e+00         923.00        2330.50       -923       -852      -2330      -1503       -888.41      -1921.64         43782      1.25500e+00           -888.7          -1916.9            827.0             67.6            -89.5 
        34       156     -1.93521e-03      1.72592e-03     -2.97152e+01         923.00        2330.50       -923       -844      -2330      -1524       -884.53      -1931.82         47148      1.27551e+00           -885.1          -1927.3            806.2             75.1             90.5 
        34       163     -6.57633e-05     -3.68549e-04     -3.44075e+01         924.00        2307.50       -924       -417      -2307      -1304       -669.25      -1811.36        412585      1.25771e+00           -670.6          -1805.8           1001.2            502.8            -89.7 
        34       217      1.39874e-03      1.43085e-03     -1.29130e+00         495.00        2327.50       -495       -417      -2327      -1502       -456.51      -1921.55         51771      1.28175e+00           -457.0          -1915.0            825.4             76.6            -89.7 
        35        36     -7.06147e-10      1.49574e-09     -1.82022e+00        1424.00        -636.50      -1424       -922        636        693      -1172.53        665.00         27068      3.04853e-05          -1173.0            665.0            502.5             54.0           -179.4 
        35        43      3.75658e-04     -1.33125e-03     -6.04976e+00        1051.00        -639.50      -1051       -922        639        890       -986.56        763.86         26341      1.13137e+00           -986.5            765.0            251.0            129.0             90.0 
        35        50      1.89731e-03     -2.54017e-03     -1.28067e+00        1057.00        -836.50      -1057       -924        836       1663       -990.71       1252.89         85277      1.14925e+00           -990.8           1250.3            827.0            128.2             90.5 
        35        57      2.02887e-04     -1.04623e-03     -9.81100e+00        1434.00        -833.50      -1434      -1306        833       1660      -1369.55       1252.81         78553      1.16307e+00          -1370.2           1247.1            826.2            120.3             90.6 
        35       135      1.58143e-09     -8.22037e-09      1.60460e-01        1434.00       -1606.50      -1434       -931       1606       1663      -1182.48       1635.02         27114      2.69736e-05          -1182.4           1635.0            503.0             54.0              0.6 
        35       209     -2.13806e-03      2.75876e-03     -1.49654e+01        1426.00        -636.50      -1426      -1304        636        888      -1364.12        763.85         24045      1.16636e+00          -1365.0            762.1            252.1            120.8             90.6 
        36        43      1.25357e-03     -1.12385e-03     -3.56371e+00        1050.00         133.50      -1050       -914       -133        693       -982.95        277.50         87972      1.16490e+00           -982.6            280.3            827.0            132.1             90.4 
        36       108      2.64802e-04      7.97470e-04     -6.19504e+00        1417.00         333.50      -1417      -1291       -333        -81      -1352.88       -207.94         25640      1.20709e+00          -1353.8           -207.8            252.1            124.1             90.6 
        36       175      4.11548e-04     -1.56687e-03     -9.26452e+00        1046.00         330.50      -1046       -912       -330        -79       -978.67       -205.66         26860      1.15983e+00           -978.8           -204.6            251.2            132.2            -89.4 
        36       193     -6.29414e-10     -9.85206e-09     -2.79594e+00        1415.00         333.50      -1415       -912       -333       -275      -1163.31       -304.98         27139      3.01460e-05          -1163.3           -305.0            503.0             54.0              0.6 
        36       209     -9.25188e-04     -3.69982e-04     -9.37396e+00        1425.00         136.50      -1424      -1293       -136        690      -1359.10        278.49         80121      1.19256e+00          -1360.0            277.2            826.2            123.5            -89.3 
        37        48      9.07635e-03     -4.11568e-04      4.91045e+00       -1656.00        3505.50       1656       1724      -3505      -3232       1690.64      -3365.14         13452      1.30503e+00           1690.4          -3368.9            272.4             64.6             89.1 
        37       103      1.03212e-02      2.69094e-03      1.70521e+01       -1655.00        3600.50       1655       1721      -3600      -3451       1687.42      -3528.92          7612      1.35532e+00           1687.9          -3526.0            149.8             64.9            -90.7 
        37       123      3.52313e-03      1.08674e-03     -5.66497e-01       -1656.00        3529.50       1656       1735      -3529      -3232       1695.22      -3378.95         16800      1.26235e+00           1695.6          -3381.1            296.7             76.3            -90.7 
        37       140     -1.79618e-03      1.05708e-03     -1.73542e+01       -2075.00        3600.50       2075       2159      -3600      -3460       2117.52      -3530.45          9358      1.26145e+00           2117.2          -3530.8            140.7             82.9            -90.9 
        37       155      5.80540e-03     -5.42055e-04     -1.03404e+01       -1655.00        3600.50       1655       1732      -3600      -3475       1693.13      -3538.99          7209      1.22893e+00           1693.5          -3538.2            125.6             76.5            -90.7 
        37       160      6.15637e-05      1.65048e-03     -1.92254e+01       -2077.00        3514.50       2077       2163      -3514      -3239       2120.34      -3378.31         18434      1.28552e+00           2119.9          -3377.1            274.9             82.5            -90.9 
        37       164     -8.44251e-04     -1.04862e-03      4.63317e+00       -1655.00        3600.50       1655       2157      -3600      -3252       1907.51      -3427.25        137143      1.26404e+00           1906.1          -3430.1            348.9            498.0             89.1 
        37       190     -7.15283e-05      1.00976e-03      1.01397e+01       -1660.00        3313.50       1660       2158      -3313      -3232       1910.31      -3273.10         29030      1.21791e+00           1908.7          -3273.0            498.0             73.7            179.0 
        38        60     -2.65439e-03      1.71403e-03      2.13551e+01        1345.00        3306.50      -1345      -1269      -3306      -2498      -1307.30      -2898.47         44018      1.23601e+00          -1306.9          -2902.3            808.3             69.2             90.5 
        38        64     -2.85901e-03      2.23238e-03      5.53098e+01        1353.00        3306.50      -1353      -1269      -3306      -2477      -1311.74      -2889.15         50113      1.26857e+00          -1312.0          -2892.0            828.9             76.7            -89.3 
        38        71      1.28559e-03      3.86908e-04      1.26422e+01        1784.00        2539.50      -1784      -1716      -2539      -2287      -1750.35      -2414.50         13060      1.26326e+00          -1750.6          -2413.9             65.0            251.9              0.9 
        38        78     -1.35492e-03      1.94602e-03      1.22132e+01        1781.00        3311.50      -1781      -1704      -3311      -2485      -1743.37      -2901.71         44176      1.29278e+00          -1742.7          -2898.8            826.3             68.0             90.7 
        38       120      1.22072e-09     -1.75528e-08     -2.99227e+00        1772.00        3311.50      -1772      -1269      -3311      -3252      -1520.28      -3282.17         26776      2.95761e-05          -1520.3          -3282.2            503.1             54.0              0.7 
        38       153      1.48349e-03      9.80127e-04      5.89539e+01        1354.00        2531.50      -1354      -1279      -2531      -2282      -1316.93      -2408.19         15048      1.21453e+00          -1316.7          -2407.0            249.2             74.1             90.5 
        38       156      3.13034e-04     -2.17875e-04      1.88048e+01        1347.00        2552.50      -1347      -1278      -2551      -2282      -1312.37      -2417.22         14735      1.23362e+00          -1313.1          -2417.1            269.7             66.8            -89.3 
        38       216      3.86018e-09     -7.72111e-09      4.27383e+00        1784.00        2341.50      -1784      -1281      -2341      -2282      -1532.36      -2312.09         25407      2.95366e-05          -1532.6          -2312.1            503.0             54.0           -179.3 
        39        84     -1.09357e-03      2.92259e-04     -1.51685e+01       -2723.00        -807.50       2723       2867        807       1634       2795.32       1217.43         83279      1.26683e+00           2794.9           1220.8            128.0            825.7             -1.2 
        39        90     -3.71501e-11      6.29514e-09     -3.12790e+00       -2364.00       -1578.50       2364       2867       1578       1642       2615.45       1610.55         27116      2.82961e-05           2615.6           1610.6            503.1             54.0            178.8 
        39       147      1.23198e-03     -2.55601e-03      7.36368e+00       -2342.00        -616.50       2343       2472        616        871       2407.51        744.63         25428      1.20099e+00           2407.4            744.3            125.5            253.2             -1.2 
        39       171     -1.38171e-03     -1.70407e-03     -1.24240e+01       -2718.00        -608.50       2718       2851        608        863       2784.45        735.53         26110      1.23999e+00           2784.3            736.0            252.7            128.7            -91.2 
        39       173      5.19682e-10      1.80127e-08      2.74612e+00       -2342.00        -608.50       2342       2847        608        672       2594.87        640.66         27084      3.01513e-05           2594.5            640.7            504.1             54.0            178.8 
        39       203      8.73412e-04     -3.45600e-04      7.23553e+00       -2348.00        -816.50       2348       2486        816       1642       2416.87       1227.97         81651      1.22064e+00           2416.7           1229.3            825.1            124.0            -91.0 
        40        97     -8.58442e-04      1.72262e-06     -1.36517e+00       -1620.00       -2569.50       1620       1740       2569       2823       1680.01       2697.04         24060      1.17076e+00           1680.1           2696.9            253.0            118.0             89.4 
        40       113      7.99943e-10     -1.14466e-08      2.36592e+00       -1237.00       -2769.50       1237       1740       2769       2828       1488.94       2798.71         27137      2.85514e-05           1488.7           2798.7            503.1             54.0            179.3 
        40       158     -1.78665e-04      3.45383e-04     -4.28835e+00       -1609.00       -1799.50       1609       1738       1799       2624       1673.87       2210.68         79992      1.19744e+00           1673.2           2211.9            825.1            120.1            -90.7 
        40       179     -2.32765e-17     -8.38956e-16     -2.61316e+00       -1226.00       -1799.50       1226       1728       1799       1858       1477.14       1828.61         26956      1.32423e-14           1477.0           1828.6            502.7             54.0             -0.7 
        40       184      1.11141e-03      3.37094e-04      1.25122e+01       -1226.00       -1803.50       1226       1358       1803       2629       1293.39       2217.60         82311      1.16605e+00           1292.0           2216.8            826.0            126.1            -90.5 
        40       206     -7.59777e-04     -3.16497e-03      2.26267e+01       -1235.00       -2575.50       1235       1360       2575       2828       1298.26       2702.26         25345      1.21911e+00           1297.7           2701.9            252.2            123.4            -90.7 
        41        62     -2.38280e-03     -7.59373e-04      1.61859e+01       -1691.00        1346.50       1691       1758      -1346       -541       1725.11       -947.83         35470      1.29320e+00           1724.9           -943.8            805.5             57.3            -90.8 
        41        83     -6.99515e-05      3.15337e-03      9.44798e+00       -1691.00        1353.50       1691       2189      -1353      -1312       1943.19      -1333.13         13518      1.22008e+00           1940.1          -1332.9            498.4             34.5            179.1 
        41       141     -1.61003e-03     -1.02482e-03      8.65696e+01       -1695.00        1119.50       1695       2076      -1119       -518       1886.88       -820.13        177433      1.25777e+00           1885.6           -819.3            596.4            373.0             89.1 
        41       150      8.61131e-10      3.78142e-09     -2.04723e+00       -1691.00        1353.50       1691       2194      -1353      -1292       1942.54      -1323.17         27042      2.47044e-05           1942.5          -1323.2            503.0             54.0            179.1 
        41       154      1.53574e-03     -2.34896e-04      6.91078e+01       -1933.00        1119.50       1933       2206      -1119       -522       2069.72       -821.51        126624      1.27346e+00           2070.2           -820.8            593.6            264.4             89.0 
        41       159     -8.71995e-04     -2.23055e-04      1.19026e+00       -1691.00        1346.50       1691       1768      -1346       -565       1730.22       -957.79         41172      1.30399e+00           1729.6           -955.9            781.4             68.1            -90.7 
        41       167      1.51990e-04     -1.60419e-04      5.39318e+00       -1691.00        1353.50       1691       2202      -1353       -539       1947.83       -945.50        326265      1.27573e+00           1946.6           -946.4            807.5            499.1             89.1 
        41       199      4.46785e-03      1.73337e-04     -3.88590e+01       -2120.00        1353.50       2120       2206      -1353       -550       2164.06       -952.81         46846      1.29984e+00           2164.7           -952.1            803.3             73.7             88.9 
        42        80      1.68628e-09     -1.50031e-08      3.08835e-01       -3126.00       -1561.50       3126       3598       1561       1627       3362.40       1594.20         25481      2.89993e-05           3362.2           1594.2            473.2             54.0            178.4 
        42        84      8.17724e-03     -7.58924e-04     -6.56390e+00       -3126.00       -1570.50       3126       3250       1570       1823       3188.21       1696.96         24153      1.28811e+00           3187.5           1697.4            250.8            118.8            -91.4 
        42       104      5.00596e-18      1.39130e-16     -5.05249e-01       -3153.00       -2531.50       3153       3598       2531       2597       3375.90       2564.45         20750      2.17372e-15           3376.0           2564.4            445.6             54.0             -1.6 
        42       182     -8.47688e-04      1.95036e-03      9.49879e+00       -3513.00       -1759.50       3513       3598       1759       2586       3562.80       2130.92         46387      1.45912e+00           3555.5           2173.0            827.0             85.0             90.0 
        42       212      7.14789e-03     -4.21782e-04     -3.90612e-01       -3131.00       -1767.50       3131       3268       1767       2596       3200.80       2184.77         77836      1.27582e+00           3199.9           2182.4            827.5            117.8            -91.4 
        43       131     -5.78698e-04      9.61171e-04     -1.16311e+01         669.00         130.50       -669       -542       -130        693       -606.30        276.40         83013      1.15669e+00           -606.0            281.4            824.0            125.0             90.2 
        43       175     -1.87557e-09      5.97660e-09     -4.79421e+00        1046.00         133.50      -1046       -542       -133        -76       -793.83       -104.93         27137      2.91961e-05           -794.0           -104.9            504.0             54.0              0.4 
        44        57     -4.10606e-04      4.90695e-04      2.17763e+00        1822.00       -1600.50      -1822      -1692       1600       1853      -1757.02       1728.38         26042      1.12240e+00          -1757.3           1727.3            128.2            252.1           -179.1 
        44        58      2.41425e-03     -1.43632e-03      1.34332e+01        2210.00       -1791.50      -2210      -2082       1791       2619      -2146.91       2204.18         76935      1.16632e+00          -2147.6           2205.6            827.2            116.0            -88.9 
        44        70      4.13644e-04     -1.02105e-03      5.53642e+00        1832.00       -1798.50      -1832      -1695       1798       2625      -1763.61       2208.86         84227      1.18395e+00          -1763.9           2212.2            826.2            127.5             90.8 
        44       162      1.17444e-03     -6.91681e-04      8.97721e+00        2198.00       -1594.50      -2198      -2078       1594       1846      -2137.90       1719.05         23764      1.16534e+00          -2138.7           1720.5            116.9            251.1              1.1 
        45        95     -8.28330e-17      1.14318e-15      2.41602e+00        -455.00         131.50        455        957       -129        -85        708.84       -108.42          1094      8.90307e-16            706.0           -103.7            502.3             54.0            179.7 
        45       101      4.36466e-04      1.78954e-03     -1.14110e+02        -449.00        1101.50        449        894      -1101       -553        671.11       -829.29        192387      1.29279e+00            671.5           -827.4            546.3            442.5             89.7 
        45       119     -1.81408e-03      7.67425e-04      1.79979e+00        -830.00         331.50        830        957       -331        -77        894.46       -204.66         25676      1.20239e+00            893.9           -204.5            126.4            253.1            179.5 
        45       125      3.70343e-01     -9.12245e-04     -2.79149e+02        -449.00        1098.50        449        451      -1098       -690        450.47       -931.60           544      1.56051e+00            450.0           -983.0            231.0              2.0             90.0 
        45       168      5.39030e-03      2.24520e-03     -9.20910e+01        -818.00        1101.50        818        954      -1101       -531        886.20       -819.38         61284      1.27376e+00            886.2           -816.8            569.9            134.2            -90.3 
        45       194      2.56026e-03      1.44288e-03      7.08936e+00        -454.00         326.50        454        583       -326        -75        517.23       -199.83         25724      1.24017e+00            518.5           -201.0            251.0            129.0             90.0 
        45       202      4.97465e-03      2.60141e-03     -1.16573e+02        -823.00        1101.50        823        955      -1101       -508        889.91       -807.72         60567      1.25168e+00            889.6           -805.3            593.3            128.9             89.5 
        46       146     -5.66162e-05      4.47170e-04      6.35545e+01       -2575.00        1134.50       2575       2820      -1134       -559       2699.24       -848.12        107186      1.23712e+00           2697.8           -847.3            571.4            234.2            -91.2 
        46       154      8.92547e-04     -9.13942e-04      3.82066e-01       -2306.00        1123.50       2306       2450      -1123       -297       2378.95       -714.10         85590      1.22853e+00           2379.7           -710.6            825.0            130.0             88.8 
        46       173     -1.06336e-09     -6.21053e-09     -2.65157e+00       -2323.00         361.50       2323       2826       -361       -297       2574.43       -329.19         27107      2.98389e-05           2574.4           -329.2            503.1             54.0            178.8 
        46       181      1.94862e-03     -2.48037e-04     -3.01156e+01       -2675.00        1132.50       2675       2826      -1132       -305       2751.09       -720.33         87771      1.28233e+00           2750.5           -718.9            134.2            825.7             -1.2 
        46       199      8.50234e-04     -3.67371e-05     -1.00800e+02       -2306.00        1131.50       2306       2638      -1131       -553       2471.83       -842.40        146957      1.31727e+00           2472.7           -842.3            321.7            571.7            178.8 
        47        52      1.85104e-02      1.21669e-03      3.44739e+00        -377.00        3275.50        377        449      -3275      -2493        413.37      -2880.13         44421      1.35154e+00            413.0          -2884.5            782.1             71.2            -90.1 
        47        79      1.06855e-09      2.78795e-09      3.81301e+00        -381.00        2549.50        381        884      -2549      -2493        632.89      -2521.25         27127      2.52006e-05            632.6          -2521.3            503.0             54.0             -0.3 
        47        81      1.69690e-17      4.60840e-15      2.43170e+00        -376.00        3519.50        376        879      -3519      -3463        627.48      -3491.41         25622      7.19069e-14            627.4          -3491.5            503.2             54.0            179.7 
        47        93     -1.42259e-02     -1.10870e-03      1.33968e+01        -805.00        3279.50        805        884      -3279      -2495        845.70      -2885.07         46771      1.37430e+00            845.1          -2887.4            784.3             75.7             89.6 
        47       105     -3.88687e-03      2.34410e-03      3.92254e+01        -796.00        3519.50        796        880      -3519      -3246        838.46      -3382.99         18487      1.28343e+00            838.0          -3382.9            273.3             83.4            -90.3 
        47       134      2.41228e-04     -1.51549e-03      1.47249e+01        -376.00        3498.50        376        871      -3498      -2493        624.49      -2992.70        388971      1.35641e+00            623.4          -2995.8           1003.2            491.4            -90.3 
        47       145      1.36346e-02      2.46470e-03      8.78850e+00        -376.00        3517.50        376        448      -3517      -3222        411.80      -3370.35         17299      1.30012e+00            411.8          -3369.9            295.1             71.9            -90.3 
        47       172      1.22220e-02      1.71153e-03      3.52552e+01        -376.00        3517.50        376        443      -3517      -3245        409.91      -3383.04         15162      1.30123e+00            409.5          -3381.5            272.0             67.0             90.0 
        47       177      4.00153e-04      6.03607e-03      4.02146e+01        -382.00        2528.50        382        871      -2527      -2493        625.11      -2510.73         13216      1.28831e+00            626.5          -2510.7            489.2             32.9             -0.3 
        47       183     -4.98318e-03      3.50441e-03      1.88817e+01        -803.00        3519.50        803        880      -3519      -3225        841.59      -3374.42         18492      1.27845e+00            841.5          -3372.6            294.0             76.5            -90.3 
        47       211      1.86090e-02      1.46464e-03      3.10529e+01        -377.00        3298.50        377        444      -3298      -2493        411.03      -2893.10         42645      1.32194e+00            411.0          -2896.0            805.2             66.5            -90.2 
        48        93      5.61266e-04     -8.88325e-04     -2.71081e+01       -1220.00        3283.50       1220       1314      -3283      -2475       1267.72      -2883.07         55434      1.27851e+00           1267.6          -2879.4            807.8             87.6            -90.6 
        48       103     -1.12924e-09      9.10930e-09      3.42061e+00       -1217.00        3505.50       1217       1721      -3505      -3445       1469.14      -3475.30         27094      2.54219e-05           1469.0          -3475.3            503.9             54.0             -0.7 
        48       105      2.02252e-03     -3.96384e-03     -1.53011e+01       -1217.00        3499.50       1217       1300      -3499      -3250       1259.00      -3375.02         16494      1.30626e+00           1259.0          -3374.8            249.5             81.6             89.4 
        48       123      1.27410e-04      4.42013e-04     -1.85230e+01       -1229.00        3505.50       1229       1733      -3505      -2500       1480.93      -3002.52        394307      1.26688e+00           1480.7          -3002.4           1000.0            492.6            -90.7 
        48       155     -1.27643e-04      9.58928e-03      1.33693e+01       -1230.00        3505.50       1230       1720      -3505      -3470       1474.80      -3487.63         11934      1.30716e+00           1475.0          -3487.5            490.4             29.8            179.3 
        48       157     -1.06325e-03     -1.90310e-03     -2.27429e+01       -1241.00        2559.50       1241       1733      -2559      -2475       1485.83      -2517.36         31511      1.32321e+00           1487.2          -2517.4            491.9             78.4            179.3 
        48       164     -1.64592e-03     -5.54074e-04     -1.40879e+01       -1651.00        3505.50       1651       1723      -3505      -3252       1687.59      -3376.20         13758      1.33214e+00           1687.6          -3378.6             69.8            252.9            179.1 
        48       180      1.03546e-09     -6.28593e-09     -3.02496e+00       -1230.00        2534.50       1230       1733      -2534      -2475       1481.76      -2505.16         27111      2.82888e-05           1481.8          -2505.2            503.1             54.0            179.3 
        48       183      2.26025e-04     -1.16175e-03     -2.85794e+01       -1217.00        3499.50       1217       1307      -3499      -3229       1262.01      -3364.18         19198      1.26339e+00           1262.5          -3364.4            270.4             88.3             89.4 
        48       190      3.35817e-03     -1.50585e-04     -2.07578e+01       -1655.00        3306.50       1655       1733      -3306      -2481       1694.37      -2900.01         45058      1.28725e+00           1693.8          -2893.6            825.2             69.2            -90.7 
        49        74     -2.31799e-03     -1.10417e-03      3.01616e+00         -86.00       -1614.50         86        204       1614       1863        144.42       1738.65         23904      1.16849e+00            145.0           1739.0            249.0            118.0             90.0 
        49        82     -1.46079e-03     -2.33959e-03     -3.83674e+00        -465.00       -1613.50        465        588       1613       1864        526.42       1738.56         25023      1.17832e+00            526.5           1739.0            251.0            123.0             90.0 
        49        94      4.85908e-10     -1.01798e-08     -2.97522e+00         -86.00       -1613.50         86        588       1613       1668        336.90       1641.09         27057      2.79820e-05            337.0           1641.1            502.1             54.0             -0.1 
        49       144     -6.58102e-04     -1.03440e-03     -4.62003e+00        -466.00       -1810.50        466        590       1810       2637        527.81       2223.34         81298      1.18298e+00            528.2           2224.0            827.2            123.1            -90.1 
        49       200     -1.00236e-18     -5.31801e-17     -3.59802e-01         -88.00       -2584.50         88        590       2584       2638        339.04       2611.15         25755      8.40643e-16            339.0           2611.5             54.0            502.0             90.0 
        50        61      1.19009e-09     -2.40241e-08      1.58460e+00        1058.00       -1806.50      -1058       -556       1806       1863       -806.92       1835.11         26854      2.95160e-05           -807.0           1835.1            502.4             54.0              0.4 
        50       135      1.99765e-03      9.01703e-04      8.07915e+00        1058.00       -1609.50      -1058       -931       1609       1860       -994.60       1734.33         25826      1.12719e+00           -994.6           1735.3            251.1            126.0             90.4 
        51        58     -6.93983e-04      1.84454e-03     -2.58473e+01        2604.00       -2554.50      -2604      -2472       2554       2809      -2538.45       2681.48         26445      1.14340e+00          -2538.3           2681.9            127.6            253.9              1.2 
        51       109     -3.52124e-03     -1.15468e-03     -1.92070e+01        2980.00       -2545.50      -2980      -2861       2545       2800      -2921.11       2672.30         23064      1.14126e+00          -2921.5           2672.7            252.8            114.7            -88.5 
        51       196      1.30134e-06     -3.79016e-05      4.83015e-01        2998.00       -3515.50      -2816      -2583       3545       3553      -2699.50       3549.50             2      6.75322e-16          -2745.8           3547.9            503.5             54.0              1.3 
        51       204     -1.84045e-09      3.98848e-08     -1.04159e+00        2976.00       -2545.50      -2976      -2472       2545       2609      -2723.98       2577.85         27147      2.93180e-05          -2724.2           2577.8            503.6             54.0              1.3 
        52        66      1.05779e-03     -2.61798e-05      2.64668e+01          54.00        2328.50        -54        445      -2328      -2251        200.47      -2290.51         30811      1.23870e+00            195.6          -2290.3            499.1             76.6             -0.1 
        52        79     -6.38611e-04      2.00684e-04     -3.64259e+00        -381.00        2546.50        381        449      -2546      -2252        415.43      -2399.97         16386      1.25516e+00            415.0          -2399.5            294.0             68.0             90.0 
        52        88      3.97662e-03      4.67208e-04      3.24343e+00          55.00        3275.50        -55         22      -3275      -2492        -16.30      -2887.37         47990      1.24171e+00            -16.5          -2884.0            783.0             77.0             90.0 
        52        98      4.32705e-03     -2.63881e-05      2.99266e+01          55.00        3275.50        -55         11      -3275      -2471        -21.32      -2885.92         40966      1.27772e+00            -22.0          -2873.5            804.0             66.0             90.0 
        52       111      3.47284e-20     -3.76950e-16     -4.26392e-01          54.00        2305.50        -54        449      -2305      -2251        198.18      -2279.01         23886      5.87807e-15            197.5          -2278.5             54.0            503.0             90.0 
        52       126      4.15671e-03      3.18024e-04      2.13543e+00          54.00        2545.50        -54         20      -2545      -2251        -16.54      -2398.56         17581      1.24764e+00            -17.0          -2398.5            294.0             74.0             90.0 
        52       134     -1.46827e-02     -3.45834e-03      7.64014e+00        -365.00        3275.50        365        449      -3275      -2472        406.92      -2868.42         52910      1.34272e+00            407.0          -2874.0            803.1             83.1            -90.1 
        52       145     -4.80000e-10      1.01092e-09     -1.70997e-01          55.00        3275.50        -55        448      -3275      -3222        196.81      -3249.01         27127      2.85302e-05            196.5          -3249.0             53.0            503.0             90.0 
        52       172     -1.33690e-04     -1.23243e-02     -1.17876e+01          55.00        3275.50        -55        443      -3275      -3244        195.15      -3260.40         12360      1.19226e+00            194.0          -3260.0             31.0            498.0             90.0 
        52       177      3.70589e-03      8.69649e-04      1.76649e+01        -369.00        2525.50        369        449      -2525      -2252        409.06      -2388.54         17985      1.24645e+00            409.0          -2389.0            273.0             80.0             90.0 
        52       211      2.83071e-04     -3.17959e-04      2.60286e+01          55.00        3275.50        -55        445      -3275      -2274        196.97      -2776.77        405035      1.25127e+00            195.1          -2775.2           1001.2            499.1             89.9 
        52       217     -8.21574e-03      3.97491e-04      2.92076e+01          54.00        2524.50        -54          9      -2524      -2251        -21.93      -2386.41         13474      1.28562e+00            -22.5          -2388.0            273.0             63.0             90.0 
        53        61     -3.62131e-03     -2.25406e-04      4.58091e+00         677.00       -2579.50       -677       -561       2579       2833       -621.29       2704.29         22346      1.19668e+00           -618.9           2706.5            254.0            115.4             90.3 
        53       117      1.31538e-09      9.86148e-09      2.27392e+00         680.00       -3550.50       -680       -177       3550       3597       -429.36       3574.23         23878      2.98911e-05           -428.5           3574.0            503.0             47.0             -0.0 
        53       133     -9.81401e-04     -6.27699e-04     -1.05403e+01         300.00       -2779.50       -300       -174       2779       3597       -237.83       3186.77         82658      1.17114e+00           -237.0           3188.5            818.0            126.0             90.0 
        54        63      3.41340e-03      4.66470e-04      6.11774e+00        2166.00         345.50      -2166      -2041       -345        -93      -2103.30       -219.39         24955      1.17442e+00          -2103.8           -219.2            251.0            122.2             90.9 
        54        68      4.61900e-04      1.73382e-04      1.49164e+00        2163.00        1118.50      -2163      -2026      -1118       -290      -2095.68       -701.03         81089      1.21154e+00          -2095.9           -704.1            124.6            827.2           -178.9 
        54       110      1.67736e-03     -1.16001e-03     -1.54463e+02        2539.00        1125.50      -2539      -2170      -1125       -550      -2350.95       -832.07        163913      1.33554e+00          -2354.5           -838.2            359.3            569.1           -178.9 
        54       129      7.79556e-04     -6.99966e-04      1.84406e+01        2548.00         355.50      -2548      -2407       -355       -100      -2477.82       -227.40         27782      1.17816e+00          -2477.8           -227.8            253.9            136.7            -88.7 
        54       136      4.34177e-03     -7.36866e-04      2.42528e+01        2544.00        1125.50      -2544      -2390      -1125       -299      -2470.59       -689.25         86318      1.29153e+00          -2467.0           -712.7            824.4            139.1             91.1 
        54       189     -7.73251e-10     -1.00345e-08      2.94574e+00        2548.00         155.50      -2548      -2045       -155        -93      -2296.31       -124.41         27136      2.03559e-05          -2296.3           -124.4            503.0             54.0              1.1 
        54       215      2.82746e-04      4.81419e-04     -1.44283e+02        2251.00        1120.50      -2251      -2026      -1120       -550      -2140.23       -833.46         97173      1.31657e+00          -2139.4           -835.1            567.0            216.6            -88.9 
        55        87     -2.57498e-19      7.97702e-17     -2.46582e-01        3320.00        -794.50      -3320      -2817        794        860      -3068.77        827.45         25993      1.26052e-15          -3068.6            827.4            503.1             54.0              1.5 
        55       109     -5.67570e-11     -2.66085e-10      5.01117e-01        3345.00       -1764.50      -3345      -2842       1764       1830      -3093.58       1797.25         27093      2.78494e-05          -3093.4           1797.3            503.1             54.0              1.5 
        55       176      1.11898e-03      6.03190e-04      1.58322e+01        3345.00       -1563.50      -3345      -3210       1563       1820      -3277.41       1691.81         26266      1.15122e+00          -3277.5           1692.3            254.5            129.8             91.5 
        55       204     -2.91887e-04     -9.18419e-04      1.18541e+01        2958.00       -1575.50      -2958      -2837       1575       1830      -2897.09       1702.83         23723      1.16819e+00          -2897.6           1702.9            252.8            116.8             91.4 
        55       208      1.92792e-03      1.63488e-03      1.29035e+01        2954.00        -804.50      -2954      -2817        804       1631      -2886.11       1216.21         78435      1.18134e+00          -2887.0           1218.0            825.6            120.0            -88.5 
        56        69      3.15545e-03     -3.45876e-03      1.20959e+01        2668.00        1586.50      -2668      -2601      -1586      -1334      -2634.72      -1461.57         12668      1.32844e+00          -2634.8          -1460.6            252.0             62.3            -88.6 
        56        71      5.70386e-04      1.03075e-03      1.87274e+01        2235.00        2350.50      -2235      -2145      -2350      -1522      -2191.50      -1935.93         50675      1.30558e+00          -2191.7          -1936.4            827.1             77.3            -88.9 
        56       110      8.53503e-10      1.23199e-08      2.08692e+00        2668.00        1388.50      -2668      -2165      -1388      -1325      -2416.17      -1357.18         27119      2.75242e-05          -2416.2          -1357.2            503.1             54.0           -178.9 
        56       165     -1.49645e-17      1.23415e-15     -1.95026e+00        2648.00        2358.50      -2648      -2145      -2358      -2295      -2397.50      -2327.10         25778      1.93034e-14          -2396.8          -2327.1            503.1             54.0           -178.8 
        56       215      4.18178e-03     -3.15675e-03      1.94933e+01        2238.00        1577.50      -2238      -2161      -1577      -1325      -2200.58      -1451.63         15097      1.33485e+00          -2199.7          -1451.4            251.2             74.5             90.9 
        57        70      2.19720e-18      3.77844e-16     -9.68201e-01        1822.00       -1798.50      -1822      -1319       1798       1858      -1570.39       1828.60         23376      5.99079e-15          -1570.5           1828.6            503.7             54.0              0.7 
        57       135     -2.58536e-03      4.92303e-04      7.72806e+00        1436.00       -1606.50      -1436      -1316       1606       1858      -1376.09       1731.51         24320      1.16839e+00          -1376.6           1732.0            252.1            118.5            -89.3 
        57       209     -9.86958e-10      4.43965e-09      1.31938e+00        1809.00        -828.50      -1809      -1306        828        888      -1557.49        858.60         27119      2.63281e-05          -1557.4            858.6            503.0             54.0              0.7 
        58       162      1.57125e-17     -5.34674e-16     -8.43933e-01        2585.00       -1784.50      -2585      -2082       1784       1846      -2333.57       1815.38         25977      8.39393e-15          -2333.7           1815.4            503.1             54.0              1.1 
        58       204     -3.42653e-04      1.27168e-03      1.40603e+01        2600.00       -1784.50      -2600      -2455       1784       2609      -2528.69       2196.76         85001      1.13908e+00          -2527.6           2197.0            824.4            130.0             91.1 
        59        65     -2.13492e-03      2.73170e-04      2.59331e+01         497.00        1334.50       -497       -422      -1334       -532       -460.12       -937.23         46745      1.30723e+00           -460.3           -933.5            802.4             73.8             90.3 
        59        96     -1.90949e-03      1.10190e-04      3.05584e-01         487.00        1334.50       -487       -422      -1334       -552       -455.25       -949.61         38894      1.29203e+00           -455.5           -943.6            782.1             64.3            -89.7 
        59        99      2.78493e-03     -6.90872e-04      3.42932e+00         928.00        1337.50       -928       -854      -1337       -554       -891.91       -949.40         43321      1.31568e+00           -892.7           -945.8            783.3             71.0            -89.4 
        59       132      3.57085e-03     -1.36974e-03      3.99840e+01         928.00        1337.50       -928       -861      -1337       -533       -895.44       -936.81         40390      1.26291e+00           -896.3           -935.4            804.1             63.9            -89.5 
        59       163     -3.83525e-11     -4.39598e-08      1.14529e+00         924.00        1337.50       -924       -422      -1337      -1281       -672.79      -1309.13         26752      2.97190e-05           -673.0          -1309.2            502.3             54.0              0.3 
        59       174      4.19365e-03     -1.66468e-03      1.34514e+02         665.00        1104.50       -665       -423      -1104       -504       -543.93       -802.26        115268      1.25130e+00           -544.2           -804.3            599.9            240.0            -89.7 
        59       175      1.04652e-03     -1.82125e-03      1.38845e+02         929.00        1102.50       -929       -536      -1102       -504       -731.57       -802.89        190007      1.23547e+00           -732.4           -803.6            390.6            596.2              0.3 
        59       193      1.50069e-02     -1.39747e-03      1.58237e+02         929.00        1104.50       -929       -904      -1104       -507       -917.03       -810.82          9801      1.29958e+00           -917.8           -806.0            597.2             21.9            -89.4 
        60        64      1.73970e-04      1.44561e-04      3.33501e+01        1345.00        3501.50      -1345       -841      -3501      -2494      -1092.46      -2996.89        398542      1.25985e+00          -1092.4          -2997.9           1003.7            496.5             90.5 
        60        91      1.42055e-03     -4.69032e-03      1.39211e+01         914.00        3518.50       -914       -833      -3518      -3246       -873.94      -3383.40         17485      1.28736e+00           -873.5          -3382.5            271.8             80.2             90.3 
        60       114      1.41913e-04     -1.85464e-03     -1.15529e+01         913.00        3518.50       -913       -833      -3518      -3223       -873.17      -3372.71         18437      1.22177e+00           -873.1          -3371.0            294.7             79.3             90.3 
        60       116      3.86315e-03      9.06135e-04      1.60124e+00         917.00        3277.50       -917       -835      -3277      -2494       -876.90      -2884.37         47907      1.26926e+00           -877.8          -2886.0            783.6             78.5            -89.4 
        60       120      3.25403e-03     -7.04316e-04     -2.03245e+01        1338.00        3522.50      -1338      -1266      -3522      -3252      -1301.53      -3390.43         14765      1.28132e+00          -1302.2          -3387.4            269.9             69.7            -89.3 
        60       137      1.79751e-03      2.18358e-03      3.84036e+01         918.00        3300.50       -918       -835      -3300      -2494       -877.53      -2896.78         50388      1.29187e+00           -876.8          -2897.4            806.3             79.3             90.3 
        60       139      8.95003e-10      1.30397e-09      6.48045e-01        1335.00        3522.50      -1335       -833      -3522      -3464      -1083.86      -3493.26         27072      3.04877e-05          -1084.0          -3493.2            502.5             54.0           -179.4 
        60       153      4.47805e-04     -9.63027e-03      1.03647e+01        1345.00        2531.50      -1345       -850      -2531      -2494      -1099.64      -2512.68         13374      1.22120e+00          -1097.5          -2512.8            495.3             33.5           -179.5 
        60       156     -9.18078e-11     -1.75951e-08     -1.48867e+00        1345.00        2552.50      -1345       -842      -2551      -2494      -1093.54      -2523.06         27090      3.00681e-05          -1093.6          -2523.1            503.0             54.0              0.6 
        60       186      2.09274e-04      9.04897e-04      3.53626e+01        1336.00        3522.50      -1336       -841      -3522      -3443      -1087.40      -3483.90         29503      1.24432e+00          -1088.2          -3483.0            495.2             74.7           -179.4 
        61       100     -1.10770e-03      2.03180e-03     -1.74350e+00        1065.00       -2579.50      -1065       -941       2579       2830      -1002.56       2704.31         25922      1.14228e+00          -1002.9           2705.5            122.9            251.2           -179.4 
        61       135      9.86525e-04      9.04378e-04      5.34640e+00        1063.00       -1806.50      -1063       -933       1806       2634       -998.16       2219.26         84041      1.14574e+00           -999.6           2220.4            125.9            827.1              0.6 
        62        83     -6.26460e-04      9.24125e-06     -6.40073e+00       -1683.00        1564.50       1683       1748      -1564      -1312       1715.53      -1441.79         12773      1.28287e+00           1716.0          -1438.5            253.0             62.4             89.1 
        62       124     -9.12372e-04     -1.32057e-03     -1.83687e+01       -1243.00        1559.50       1243       1324      -1559      -1289       1283.90      -1424.61         16963      1.31877e+00           1283.8          -1424.2            270.4             79.7            -90.7 
        62       141      4.81270e-04      3.34926e-04      7.14334e+01       -1565.00        1114.50       1565       1758      -1114       -539       1661.76       -826.80         86320      1.28476e+00           1661.5           -827.1            573.9            186.6            -90.8 
        62       143      1.55298e-04      5.39299e-07      7.03395e+00       -1243.00        1559.50       1243       1318      -1559      -1309       1281.13      -1436.56         14560      1.33326e+00           1280.8          -1434.6            249.6             73.8             89.3 
        62       150      5.41296e-04     -4.91404e-04     -1.62482e+01       -1688.00        1564.50       1688       1748      -1564      -1292       1718.16      -1432.05         12631      1.30876e+00           1718.0          -1428.7            272.3             58.0            -90.7 
        62       157      5.37213e-04      1.94093e-04     -1.32213e+01       -1254.00        1564.50       1254       1745      -1564      -1529       1503.60      -1547.37         11637      1.22905e+00           1499.5          -1547.4            491.4             29.8             -0.7 
        62       159     -7.20237e-04      6.54133e-04     -1.09705e+01       -1254.00        1564.50       1254       1758      -1564       -559       1506.73      -1063.55        392073      1.28998e+00           1505.3          -1062.3            999.9            492.9            -90.7 
        62       167      2.81061e-03      4.86256e-05     -1.17017e+01       -1687.00        1366.50       1687       1758      -1366       -541       1722.81       -955.92         40326      1.31706e+00           1722.3           -953.6            825.1             61.6            -90.7 
        62       168      1.54392e-03      5.94393e-04      6.19032e+00       -1245.00        1363.50       1245       1325      -1363       -535       1286.07       -950.77         47332      1.35863e+00           1286.1           -949.8            828.0             73.2            -90.6 
        62       180      2.28649e-11     -1.61378e-08      4.07411e+00       -1243.00        1564.50       1243       1745      -1564      -1505       1493.98      -1535.13         27081      2.95120e-05           1494.0          -1535.1            502.7             54.0            179.3 
        62       202     -5.65103e-05      1.70907e-03     -1.58235e+01       -1246.00        1342.50       1246       1331      -1342       -535       1288.28       -938.29         49278      1.30651e+00           1289.2           -939.2            807.5             78.8            -90.7 
        63        68     -8.61299e-10     -6.70561e-09      1.25981e+00        2163.00         345.50      -2163      -1660       -345       -284      -1911.74       -314.66         27088      2.52151e-05          -1911.8           -314.7            503.0             54.0           -179.1 
        63       108      7.84753e-04     -8.73490e-04      6.34398e+00        1796.00         339.50      -1796      -1660       -339        -86      -1728.02       -212.49         27238      1.14991e+00          -1728.8           -212.6            133.8            252.1           -179.1 
        63       189     -1.02462e-04     -1.60354e-03      3.65383e+00        2179.00         148.50      -2179      -2045       -148        679      -2112.30        265.61         81233      1.18783e+00          -2112.0            265.7            827.2            121.6             90.9 
        63       209      9.55164e-04     -9.18230e-04      5.48045e+00        1807.00         141.50      -1807      -1664       -141        685      -1735.94        272.17         87478      1.19327e+00          -1736.3            272.2            133.1            826.2              0.9 
        64        91     -3.44694e-03     -3.08389e-03     -1.77836e+01         914.00        3497.50       -914       -841      -3497      -3246       -877.96      -3372.36         14733      1.25707e+00           -877.5          -3372.1            251.0             72.3             90.3 
        64       114     -1.95316e-03     -1.06295e-03     -4.35394e+01         913.00        3497.50       -913       -841      -3497      -3223       -877.60      -3361.08         15461      1.22551e+00           -877.2          -3360.7            273.9             70.8            -89.5 
        64       116      1.68552e-03      6.75918e-05     -3.54672e+01         917.00        3277.50       -917       -843      -3277      -2473       -880.88      -2875.56         44814      1.26335e+00           -881.0          -2875.6            804.3             70.8            -89.6 
        64       120      1.30848e-04     -4.29314e-04     -5.60238e+01        1345.00        3501.50      -1345      -1266      -3501      -3252      -1306.06      -3379.29         15302      1.29120e+00          -1306.2          -3377.1            249.4             77.5            -89.3 
        64       137      5.76265e-04      1.53280e-03      2.69593e+00         918.00        3300.50       -918       -843      -3300      -2473       -881.34      -2885.82         47194      1.24282e+00           -880.7          -2887.1            827.1             71.4             90.3 
        64       139     -4.87669e-04      7.19622e-03     -7.60349e+00        1335.00        3501.50      -1335       -841      -3501      -3464      -1087.11      -3483.22         13296      1.27316e+00          -1088.0          -3482.9            494.3             33.5           -179.5 
        64       153     -1.40094e-09     -1.27384e-08      1.12907e+00        1353.00        2531.50      -1353       -850      -2531      -2473      -1101.17      -2502.52         27102      2.71158e-05          -1101.3          -2502.5            503.0             54.0              0.5 
        64       156     -4.18181e-04      1.65147e-03     -3.07846e+01        1345.00        2552.50      -1345       -850      -2552      -2473      -1098.77      -2512.72         30201      1.22206e+00          -1097.4          -2512.8            495.5             74.6              0.5 
        64       186     -8.54529e-18      9.90121e-16     -7.74475e-01        1344.00        3501.50      -1344       -841      -3501      -3443      -1091.84      -3472.65         23738      1.54161e-14          -1092.3          -3472.7            503.1             54.0              0.5 
        65        66      1.91282e-04     -1.73625e-03     -2.08308e+00          56.00        1554.50        -56          7      -1554      -1304        -24.31      -1431.45         12904      1.28467e+00            -24.5          -1429.5            250.0             63.0             90.0 
        65        76     -2.05537e-03      8.80165e-04      7.84008e-01          56.00        1357.50        -56          8      -1357       -531        -24.55       -956.65         40171      1.42858e+00            -23.4           -944.5            826.1             63.7             89.9 
        65        96     -2.68951e-04      4.02511e-04     -2.53059e+01         487.00        1555.50       -487          8      -1555       -551       -240.55      -1050.22        394830      1.30483e+00           -239.6          -1053.8           1003.8            494.7            -89.9 
        65       111     -2.65743e-03     -3.74757e-04     -2.66565e+01          52.00        1554.50        -52          7      -1554      -1281        -22.49      -1418.71         13604      1.29811e+00            -22.5          -1418.0            273.0             59.0             90.0 
        65       125      3.78447e-03     -9.05277e-04     -2.74034e+01          52.00        1334.50        -52          7      -1334       -531        -23.04       -941.92         37090      1.45763e+00            -22.0           -933.0            803.0             60.0             90.0 
        65       126     -8.40684e-04      5.63098e-03     -1.51862e+01         485.00        1555.50       -485          7      -1555      -1521       -238.22      -1539.08         13107      1.29306e+00           -239.0          -1538.9            492.1             33.7              0.1 
        65       163      2.28427e-03     -3.32438e-04     -2.50723e+01         495.00        1555.50       -495       -420      -1555      -1281       -458.79      -1418.75         16157      1.31536e+00           -457.5          -1418.5            274.0             75.0             90.0 
        65       174      1.37684e-03     -2.85254e-03      1.05681e+02         497.00        1103.50       -497       -160      -1103       -532       -328.14       -817.03        154897      1.29063e+00           -328.4           -817.8            571.4            336.4             90.1 
        65       217      1.05064e-17     -2.71831e-15      3.74878e+00         495.00        1555.50       -495          7      -1555      -1501       -243.99      -1528.78         25982      4.23592e-14           -244.0          -1528.5             54.0            502.0             90.0 
        66        76      3.79471e-19      1.83935e-16     -6.15662e-01          56.00        1358.50        -56        447      -1358      -1304        195.52      -1331.49         25209      2.86176e-15            195.5          -1331.5             54.0            503.0             90.0 
        66        79      3.35005e-03      1.15555e-03     -3.02049e+01        -382.00        2328.50        382        446      -2328      -1523        414.72      -1933.53         40563      1.30804e+00            414.2          -1926.0            805.1             63.4            -90.1 
        66        96     -4.38272e-04      1.32968e-03     -2.45935e+01          56.00        1575.50        -56         18      -1575      -1304        -19.49      -1441.10         15968      1.34885e+00            -19.0          -1440.0            271.0             74.0             90.0 
        66       101     -1.77106e-03      5.25056e-04     -3.01978e+01        -386.00        1576.50        386        447      -1576      -1305        416.46      -1438.90         12986      1.18809e+00            416.1          -1441.0            271.3             60.9            -90.2 
        66       111     -9.68297e-04      6.58684e-04     -2.55360e+01          54.00        2305.50        -54        447      -2305      -1304        198.47      -1807.98        404081      1.27230e+00            196.1          -1805.2           1001.4            500.1            -90.1 
        66       125     -1.84094e-03     -2.60421e-03     -2.98538e+01          52.00        1335.50        -52        447      -1335      -1304        200.92      -1320.48         12515      1.38981e+00            197.5          -1320.0             31.0            499.0             90.0 
        66       126     -1.34669e-04      1.55895e-03     -2.17031e+01          57.00        2327.50        -57         19      -2327      -1521        -19.27      -1927.78         49424      1.25748e+00            -19.0          -1924.5            806.0             76.0             90.0 
        66       177      5.09124e-04      2.12802e-03     -5.16523e+00        -370.00        2328.50        370        446      -2328      -1502        408.76      -1919.18         50112      1.27984e+00            408.4          -1915.5            826.2             75.1            -90.1 
        66       211      7.69990e-10     -2.43521e-09      2.26611e-02          57.00        2328.50        -57        445      -2328      -2274        193.93      -2301.59         27109      2.95173e-05            194.0          -2301.5             54.0            502.0             90.0 
        66       217     -4.02403e-05      2.10580e-03      6.77971e+00          57.00        2327.50        -57         10      -2327      -1501        -24.01      -1919.08         44779      1.26170e+00            -23.5          -1914.5            826.0             67.0             90.0 
        67       107      1.45224e-17     -6.70823e-16     -6.60156e-01        3058.00        3537.50      -3058      -2555      -3537      -3472      -2806.52      -3504.83         24916      1.04652e-14          -2806.7          -3504.8            503.1             54.0              1.4 
        67       142     -3.89891e-03     -2.44426e-03     -8.78966e+00        3058.00        3600.50      -3058      -2974      -3600      -3482      -3015.79      -3541.61          7501      1.21795e+00          -3016.4          -3542.2             82.1            118.7              1.4 
        67       187      3.93802e-03      3.21917e-03      7.39688e+00        2625.00        3600.50      -2625      -2553      -3600      -3472      -2589.51      -3536.97          7719      1.36490e+00          -2589.2          -3536.9            128.6             70.1             91.1 
        68       108      8.05359e-04     -1.03937e-03      5.15138e+00        1793.00        1111.50      -1793      -1648      -1111       -284      -1720.95       -698.36         90241      1.17728e+00          -1721.9           -697.7            135.6            826.2              0.9 
        68       215     -2.42312e-04     -4.46139e-04     -1.46683e+02        2159.00        1119.50      -2159      -1740      -1119       -545      -1948.05       -831.62        186709      1.27861e+00          -1949.1           -832.5            567.8            411.7             90.9 
        69       110     -2.39165e-03      1.20030e-03     -1.08947e+01        2683.00        1388.50      -2683      -2606      -1388       -562      -2644.97       -979.29         39923      1.35078e+00          -2644.5           -975.6            826.1             61.8             91.1 
        69       136     -2.26050e-03      6.29770e-05      1.60056e+02        2905.00        1137.50      -2905      -2612      -1137       -562      -2757.84       -849.85        128950      1.29765e+00          -2757.8           -850.2            281.8            570.1           -178.7 
        69       166     -2.78555e-03      1.59861e-03      3.80687e+00        3127.00        1401.50      -3127      -3035      -1401       -572      -3081.75       -989.35         48408      1.34585e+00          -3081.1           -986.9            827.8             74.2             91.4 
        69       178      4.16106e-05     -5.68492e-04      1.62627e+02        3127.00        1141.50      -3127      -2767      -1141       -566      -2947.43       -854.21        157407      1.28907e+00          -2947.9           -853.4            567.7            347.6            -88.5 
        70        72      3.10387e-17     -1.20433e-15     -1.42126e+00        1835.00       -2768.50      -1835      -1331       2768       2828      -1582.86       2798.62         22955      1.89203e-14          -1583.3           2798.7            504.1             54.0           -179.3 
        70       100      2.29941e-03     -3.39916e-04      1.58400e+01        1445.00       -2576.50      -1445      -1329       2576       2828      -1387.36       2702.34         23624      1.12133e+00          -1387.3           2702.1            114.6            252.1              0.7 
        70       135      1.61515e-03      5.02027e-04      1.45503e+01        1443.00       -1803.50      -1443      -1319       1803       2630      -1382.30       2219.19         77079      1.15491e+00          -1382.6           2217.2            117.9            826.2           -179.3 
        71        78      1.68667e-09      1.03357e-08      4.91948e-01        2219.00        2547.50      -2219      -1716      -2547      -2485      -1968.11      -2516.44         27110      3.00012e-05          -1967.9          -2516.4            503.1             54.0           -179.1 
        71       165     -1.16957e-03     -7.60226e-04     -2.14957e+01        2223.00        2547.50      -2223      -2141      -2547      -2295      -2182.84      -2422.23         15387      1.30529e+00          -2181.8          -2421.4            251.2             78.5             90.9 
        71       215     -1.24136e-17      4.26634e-16     -7.48718e-01        2235.00        1577.50      -2235      -1732      -1577      -1515      -1983.81      -1546.39         24005      6.69562e-15          -1983.7          -1546.4            503.4             54.0           -179.1 
        71       216      2.66645e-03     -4.93184e-04     -1.80067e+00        1794.00        2341.50      -1794      -1720      -2341      -1515      -1757.52      -1933.15         42197      1.30017e+00          -1756.7          -1928.8            826.2             64.5             90.7 
        72       100      1.21372e-03      7.21420e-04      1.25216e+01        1454.00       -2773.50      -1454      -1331       2773       3597      -1392.69       3184.69         76547      1.16070e+00          -1393.0           3186.2            824.1            114.0             90.7 
        72       121     -4.48219e-04      1.35460e-02     -3.79078e+01        1454.00       -3546.50      -1454      -1342       3546       3597      -1396.58       3572.11          4457      1.10541e+00          -1398.0           3572.0             51.0            112.0             90.0 
        72       138      7.30684e-04     -3.61042e-03      1.48472e+01        1844.00       -3540.50      -1844      -1723       3540       3597      -1784.51       3569.62          5691      1.22223e+00          -1783.5           3569.0             57.0            121.0             90.0 
        73       127     -2.17043e-04     -6.15934e-04     -3.56410e+00        3601.00        2584.50      -3572      -3467      -2574      -2537      -3519.50      -2556.00             2      1.28786e-14          -3520.6          -2555.4            162.6             54.0              1.8 
        73       142     -4.10864e-03     -3.62971e-03     -2.16968e+01        3485.00        3551.50      -3485      -3409      -3551      -3297      -3447.51      -3425.89         13646      1.28816e+00          -3446.9          -3424.5             70.3            252.8              1.6 
        73       197     -4.03130e-03     -1.05427e-03     -1.53403e+01        3506.00        3352.50      -3506      -3415      -3352      -2526      -3461.24      -2938.87         44191      1.33713e+00          -3460.5          -2939.5            825.7             69.5             91.6 
        74        86      4.17368e-10      2.51385e-08     -3.75474e+00         298.00        -839.50       -298        204        839        893        -47.55        866.29         27029      2.88672e-05            -47.0            866.5             54.0            502.0             90.0 
        74        94      9.08717e-04      1.88600e-03     -6.95398e+00         -83.00        -840.50         83        204        840       1668        144.72       1278.72         73134      1.30690e+00            143.5           1254.5            828.0            121.0             90.0 
        75       119      1.96276e-03     -1.54172e-03      1.91245e+01       -1203.00         136.50       1203       1341       -136        689       1271.78        271.32         85737      1.23689e+00           1273.0            276.8            825.9            132.0             89.3 
        75       122      1.63620e-03     -1.20626e-04      1.78645e+01       -1212.00        -635.50       1212       1343        635        888       1277.33        761.69         26671      1.20517e+00           1277.5            761.8            252.2            129.6            -90.6 
        75       179     -4.88569e-17     -2.57780e-15      3.54651e+00       -1214.00        -829.50       1214       1717        829        888       1465.03        858.66         23529      4.02406e-14           1465.5            858.6            503.0             54.0            179.3 
        75       191     -2.79143e-03      8.67379e-04      4.25424e+00       -1591.00        -629.50       1591       1717        629        883       1654.11        756.85         25669      1.22141e+00           1654.3            756.9            123.6            253.1            179.1 
        76        96      1.92543e-03     -8.50339e-05     -2.56696e+01          56.00        1357.50        -56         17      -1357       -551        -20.08       -968.34         43709      1.41606e+00            -19.5           -954.5            806.0             73.0             90.0 
        76       101      4.37452e-03     -1.02654e-03     -3.38904e+01        -387.00        1358.50        387        448      -1358       -553        418.26       -959.76         38201      1.30148e+00            417.6           -956.0            805.1             60.3            -90.1 
        76       111     -1.21178e-03      8.77897e-04     -2.45729e+01          52.00        1358.50        -52        447      -1358      -1281        201.25      -1320.85         29707      1.35632e+00            197.5          -1320.2            499.1             76.6             -0.1 
        76       125      1.90223e-04     -1.24109e-03     -2.77832e+01          52.00        1335.50        -52        448      -1335       -528        201.29       -928.78        316643      1.32065e+00            198.0           -932.2            807.4            499.5             89.9 
        77       192     -2.44192e-03     -3.75791e-03      4.39765e+01       -3180.00       -3510.50       3180       3293       3510       3597       3236.32       3554.67          7867      1.24354e+00           3236.5           3555.5            112.0             87.0            178.5 
        78       120      2.96919e-03     -9.00216e-04     -8.80387e+00        1772.00        3510.50      -1772      -1701      -3510      -3258      -1736.12      -3383.91         13901      1.30785e+00          -1736.2          -3384.0            251.8             68.7             90.7 
        78       165     -2.09400e-03     -1.17329e-03     -2.51055e+01        2219.00        3320.50      -2219      -2126      -3320      -2492      -2173.62      -2909.83         52207      1.29733e+00          -2174.0          -2906.4            827.2             80.8            -88.9 
        78       187     -2.16915e-03     -4.83133e-04     -2.36294e+01        2207.00        3517.50      -2207      -2122      -3517      -3265      -2165.27      -3391.95         16645      1.32428e+00          -2164.4          -3391.5            251.2             81.5             91.0 
        78       188      1.84951e-09     -3.54922e-09      4.96070e-01        2203.00        3517.50      -2203      -1701      -3517      -3455      -1951.96      -3486.55         27135      2.65362e-05          -1952.0          -3486.5            503.0             54.0              0.9 
        79        93      4.93548e-03      4.32919e-04     -2.05502e+00        -811.00        2549.50        811        885      -2549      -2255        848.05      -2401.73         17135      1.24696e+00            848.1          -2402.4            293.9             73.2            -90.3 
        79       101      5.32625e-19      3.44776e-16     -1.18652e+00        -386.00        1578.50        386        889      -1578      -1523        637.70      -1551.09         22939      5.39038e-15            637.5          -1551.2            503.1             54.0             -0.3 
        79       111     -4.88501e-03     -3.53257e-04      5.20927e+00        -382.00        2305.50        382        450      -2305      -1523        416.72      -1920.30         42252      1.31146e+00            416.1          -1914.5            782.1             67.3            -90.1 
        79       124      5.68849e-03     -1.45438e-03     -6.55499e+00        -813.00        2309.50        813        889      -2309      -1525        850.97      -1922.25         44557      1.26311e+00            851.4          -1917.4            784.2             72.2            -90.4 
        79       134      2.03852e-04     -1.32460e-03      1.13756e+01        -381.00        2549.50        381        871      -2549      -2472        627.68      -2510.76         30018      1.28288e+00            626.2          -2510.7            490.0             75.1            179.7 
        79       143      5.18046e-03     -1.27598e-03      1.93238e+01        -807.00        2329.50        807        889      -2329      -1525        848.29      -1933.04         49560      1.29411e+00            848.1          -1927.5            804.4             78.5            -90.3 
        79       177      3.43818e-04      1.22428e-03      2.41908e+01        -381.00        2528.50        381        877      -2527      -1523        630.04      -2024.27        396342      1.27123e+00            628.5          -2025.6           1003.0            491.6            -90.3 
        79       211     -3.94718e-03     -6.45270e-04      3.16118e+01        -381.00        2546.50        381        445      -2546      -2275        413.51      -2410.33         13761      1.22039e+00            413.0          -2411.0            271.0             64.0             90.0 
        80        84      1.05123e-03      2.69965e-04      1.37672e+01       -3105.00        -797.50       3105       3245        797       1627       3175.43       1211.65         78781      1.25441e+00           3174.9           1212.6            827.6            120.4            -91.4 
        80       171     -3.18360e-04     -4.16185e-04      1.89941e+01       -3100.00        -601.50       3100       3226        601        853       3162.65        727.30         24106      1.31277e+00           3162.7            727.5            250.8            121.0            -91.4 
        81       105      3.55862e-03     -7.04096e-03     -2.06799e+00        -795.00        3600.50        795        879      -3600      -3465        836.53      -3533.47          8969      1.25435e+00            837.0          -3533.0            135.0             84.0             90.0 
        81       134      1.16454e-03     -5.16910e-03     -1.45893e+00        -376.00        3498.50        376        866      -3498      -3463        622.67      -3480.86         13404      1.22746e+00            621.0          -3480.9            490.2             33.0             -0.3 
        81       145      3.59326e-04     -3.90704e-03     -1.00789e+01        -375.00        3600.50        375        447      -3600      -3463        411.33      -3532.93          7998      1.19785e+00            411.0          -3532.0            137.0             72.0             90.0 
        81       172     -1.99248e-03     -4.25201e-03      1.78359e+01        -375.00        3600.50        375        443      -3600      -3463        409.32      -3532.21          7778      1.22040e+00            409.0          -3532.0            137.0             68.0             90.0 
        81       183      1.74811e-03     -7.24591e-03     -2.65109e+01        -802.00        3600.50        802        879      -3600      -3465        839.99      -3533.43          8835      1.30830e+00            840.5          -3533.0            135.0             77.0             90.0 
        82        94      2.85096e-03     -1.64125e-03      6.47810e+00        -460.00        -840.50        460        588        840       1667        524.20       1250.83         83330      1.20867e+00            524.2           1254.0            827.2            126.2            -90.2 
        82        95      1.19187e-09     -1.74620e-08     -1.53633e+00        -460.00        -838.50        460        962        838        894        711.15        866.27         27136      3.03487e-05            711.0            866.3            502.3             54.0            179.7 
        82       122      7.69381e-04      4.95093e-04     -5.70958e+00        -840.00        -838.50        840        967        838       1663        904.18       1251.47         81797      1.17965e+00            904.5           1250.6            825.0            122.6             89.5 
        82       144     -7.32058e-10     -8.45241e-10      2.26708e+00        -466.00       -1808.50        466        968       1808       1864        717.00       1836.31         27106      2.63641e-05            717.0           1836.3            502.3             54.0            179.7 
        82       184      2.94794e-03      2.61339e-03     -1.20266e+01        -847.00       -1608.50        847        968       1608       1862        907.37       1735.11         25128      1.16884e+00            907.3           1735.5            253.4            120.8            -90.3 
        83       150      3.55838e-04     -2.80448e-04     -8.21167e+00       -1676.00        2323.50       1676       2189      -2323      -1312       1932.32      -1817.43        400188      1.28982e+00           1932.4          -1817.9            498.8           1004.6            179.1 
        83       157     -2.56332e-03      4.20780e-04     -2.04206e-01       -1671.00        2336.50       1671       1756      -2336      -1535       1714.20      -1938.48         48926      1.27905e+00           1713.4          -1935.7            801.1             76.3            -90.7 
        83       159      2.68677e-03     -8.34961e-05     -1.01103e+01       -1683.00        1589.50       1683       1759      -1589      -1312       1721.24      -1453.46         15823      1.22680e+00           1720.9          -1450.7            277.0             73.3            -90.7 
        83       167     -5.00014e-18     -8.34836e-17      6.90735e-01       -1687.00        1373.50       1687       2189      -1373      -1312       1938.42      -1342.75         25940      1.38741e-15           1938.0          -1342.7            502.9             54.0             -0.9 
        83       180     -3.83429e-03      1.97125e-05      1.78822e+01       -1671.00        2336.50       1671       1745      -2336      -1511       1708.84      -1925.66         43291      1.29178e+00           1708.1          -1923.6            825.1             65.2            -90.7 
        83       190     -2.36854e-10     -1.83230e-09     -2.49723e-01       -1671.00        2343.50       1671       2173      -2343      -2281       1922.08      -2312.66         27079      2.99586e-05           1922.0          -2312.7            502.9             54.0            179.0 
        83       199      4.32082e-04     -5.82858e-04     -3.63506e+01       -2116.00        1574.50       2116       2189      -1574      -1319       2152.68      -1449.19         14510      1.31654e+00           2152.7          -1446.8            255.1             70.2            -91.0 
        83       214      1.50805e-03      1.68879e-05     -3.55726e+01       -2100.00        2343.50       2100       2186      -2343      -1520       2143.71      -1934.24         47874      1.33459e+00           2143.3          -1931.8            823.0             73.1            -91.0 
        84        90      3.13785e-02      3.74074e-02     -1.34066e+02       -2741.00       -1578.50       2741       2870       1578       1833       2801.01       1690.41         22305      1.59322e+00           2806.7           1705.7            125.6            252.6             -1.4 
        84       171     -1.72560e-09     -1.27696e-08      6.63318e-02       -2723.00        -797.50       2723       3226        797        863       2974.35        830.57         27095      3.04852e-05           2974.2            830.6            503.1             54.0            178.6 
        84       212     -3.29326e-17     -1.42226e-15      3.71887e+00       -2746.00       -1767.50       2746       3250       1767       1833       2999.42       1800.12         23132      2.20788e-14           2997.9           1800.4            503.1             54.0            178.6 
        85       130      5.87290e-08     -1.40652e-08      2.85449e+00        3601.00        -783.50      -3601      -3572        783        837      -3586.78        810.66          1584      2.98991e-05          -3586.5            810.5             54.0             29.0             90.0 
        85       176     -9.30152e-02      7.43830e-03     -3.40793e+02        3601.00       -1556.50      -3601      -3596       1556       1722      -3599.66       1616.59           454      1.33848e+00          -3598.5           1624.0            135.0              5.0             90.0 
        86        94     -4.66262e-04     -2.64925e-03      1.15314e+00         -82.00        -644.50         82        204        644        893        143.15        765.13         23620      1.25869e+00            143.0            769.0            249.0            122.0             90.0 
        86       131      1.35371e-02     -1.38401e-03      1.63476e+01         298.00         130.50       -298       -163       -130        694       -231.02        289.03         86142      1.47738e+00           -231.7            282.0            825.5            134.3            -89.8 
        86       194     -1.13183e-02     -1.54015e-03     -7.40580e-02         -80.00         129.50         81        205       -129        698        146.16        311.91         75334      1.57978e+00            142.5            284.5            828.0            125.0             90.0 
        87       128      3.00555e-04      1.31584e-04      1.25112e+01        3315.00         175.50      -3315      -3160       -175        650      -3237.80        233.85         87188      1.16606e+00          -3238.9            237.6            823.9            135.5            -88.4 
        87       129      5.98338e-04      3.79715e-04      9.55982e+00        2932.00         165.50      -2932      -2792       -165        661      -2862.65        248.13         79296      1.17895e+00          -2862.9            248.2            825.6            122.3             91.4 
        87       178      7.20452e-10     -1.50001e-08      7.27085e-01        3295.00         175.50      -3295      -2792       -175       -109      -3043.67       -142.36         27093      3.03080e-05          -3043.8           -142.4            503.1             54.0           -178.5 
        87       208     -2.84204e-04     -8.96390e-04      8.86593e+00        2937.00        -605.50      -2937      -2812        605        860      -2874.36        732.76         23978      1.18444e+00          -2874.4            733.1            252.7            119.8             91.4 
        88        91      4.91532e-03     -1.60840e-03      2.78633e+01         482.00        3516.50       -482       -410      -3516      -3244       -445.74      -3381.23         15475      1.29160e+00           -446.0          -3380.5            272.3             71.1             90.2 
        88        98     -2.75803e-04     -8.81818e-05      2.78070e+01         483.00        3496.50       -483         11      -3496      -2492       -234.79      -2998.03        398070      1.25663e+00           -235.9          -2994.1           1003.8            493.3             90.1 
        88       114      3.94668e-03      4.82830e-04      2.24581e-01         482.00        3516.50       -482       -409      -3516      -3221       -444.98      -3372.06         16980      1.22435e+00           -445.3          -3369.0            295.3             72.6             90.2 
        88       116      4.72053e-04     -1.03650e-03     -5.18663e+00         483.00        3274.50       -483       -410      -3274      -2493       -446.82      -2892.06         44238      1.24840e+00           -446.7          -2884.0            781.1             72.2             90.1 
        88       126     -1.86093e-09      5.92564e-09     -1.10614e+00         482.00        2546.50       -482         20      -2546      -2492       -230.92      -2519.20         27092      2.46927e-05           -231.0          -2519.5             54.0            502.0             90.0 
        88       137     -1.43835e-03     -1.34247e-03      2.79224e+01         483.00        3297.50       -483       -412      -3297      -2493       -447.56      -2903.19         43824      1.26091e+00           -447.6          -2895.5            804.1             70.3             90.1 
        88       145      2.15305e-03     -1.21180e-03     -5.76173e+00          55.00        3515.50        -55         22      -3515      -3222        -16.53      -3370.42         18651      1.25439e+00            -16.5          -3369.0            293.0             77.0             90.0 
        88       149     -7.64853e-11     -1.38634e-10      5.28424e-01         481.00        3516.50       -481         22      -3516      -3462       -229.13      -3489.37         27142      2.76555e-05           -229.5          -3489.5             54.0            503.0             90.0 
        88       172     -4.89940e-04     -1.66916e-03      2.11826e+01          60.00        3515.50        -60         22      -3515      -3244        -18.69      -3380.65         17796      1.23786e+00            -19.0          -3380.0            271.0             82.0             90.0 
        88       211     -3.91691e-03     -9.63421e-04      2.22970e+01          59.00        3297.50        -59         22      -3297      -2492        -18.46      -2900.71         51192      1.28117e+00            -18.5          -2895.0            805.0             81.0             90.0 
        88       217     -9.14351e-04      4.59476e-04      2.72515e+01         482.00        2525.50       -482          9      -2525      -2492       -235.88      -2509.15         13411      1.30818e+00           -236.5          -2509.0             33.0            491.0             90.0 
        89       198     -6.56437e-04      3.07783e-05     -8.65542e+00       -3424.00        1151.50       3424       3576      -1151       -322       3500.43       -739.46         86992      1.28681e+00           3500.0           -736.9            130.9            826.2             -1.6 
        89       201     -2.14268e-03     -4.37917e-04      9.74474e+01       -3424.00        1149.50       3424       3529      -1149       -577       3477.10       -864.60         41589      1.21542e+00           3476.3           -863.8            570.9             90.9            -91.6 
        89       213     -2.99274e-03     -6.32623e-05      8.35044e+01       -3448.00        1152.50       3449       3598      -1152       -580       3527.26       -870.94         65210      1.25502e+00           3531.6           -866.7            568.4            150.1             88.3 
        90       115      4.64405e-05      8.15078e-04      1.14902e+01       -2368.00       -1786.50       2368       2503       1786       2612       2436.25       2196.81         79026      1.25082e+00           2436.9           2199.1            121.0            825.2             -1.2 
        90       203     -1.61957e-03      1.53669e-03      1.31966e+01       -2364.00       -1586.50       2364       2489       1586       1841       2426.30       1716.17         24054      1.22639e+00           2427.0           1714.2            121.5            253.2            178.8 
        90       205      1.24989e-09     -1.86611e-08     -3.28711e+00       -2385.00       -2548.50       2385       2888       2548       2612       2636.23       2580.51         27114      4.27284e-05           2636.3           2580.5            503.1             54.0             -1.2 
        90       212     -1.44030e-05      3.05084e-03     -1.86500e+01       -2746.00       -1777.50       2746       2888       1778       2604       2816.46       2248.85         71586      1.36223e+00           2817.1           2190.7            825.8            125.0            -91.2 
        91        98     -2.11860e-03      1.57851e-03      1.30509e+00         491.00        3496.50       -491       -410      -3496      -3244       -450.95      -3371.12         16487      1.23795e+00           -450.5          -3370.5            252.0             81.0             90.0 
        91       114     -9.57219e-04      1.58332e-03     -2.93691e+01         913.00        3600.50       -913       -410      -3600      -3244       -660.00      -3424.14        143977      1.22972e+00           -661.4          -3423.4            356.4            502.2             90.3 
        91       116     -1.16353e-03      5.54738e-03     -1.53646e+01         912.00        3277.50       -912       -412      -3277      -3244       -663.10      -3260.85         12482      1.22936e+00           -662.0          -3260.9            500.2             31.1              0.3 
        91       137     -7.97320e-10      3.21061e-09      1.97838e+00         914.00        3300.50       -914       -412      -3300      -3244       -663.04      -3272.41         27061      3.03816e-05           -663.0          -3272.4            502.3             54.0           -179.7 
        91       139     -1.70702e-03      1.55551e-03     -2.45724e+01         913.00        3600.50       -913       -832      -3600      -3464       -872.74      -3532.47          8628      1.27115e+00           -872.5          -3532.5            136.7             80.4             90.6 
        91       149     -6.38357e-03      4.16884e-03     -1.90234e+01         481.00        3600.50       -481       -410      -3600      -3463       -445.13      -3531.35          7967      1.33767e+00           -445.5          -3532.0            137.0             71.0             90.0 
        91       186      4.39668e-04      5.05366e-03      2.10693e+01         913.00        3600.50       -913       -840      -3600      -3443       -877.08      -3522.86          8921      1.18771e+00           -876.5          -3522.3            157.2             72.5            -89.5 
        92       140      5.69856e-03      1.43268e-03     -1.67210e+02       -2517.00        3600.50       2517       2580      -3600      -3469       2548.07      -3536.18          6497      1.20204e+00           2548.4          -3535.3            131.6             61.3            -91.2 
        92       160      4.11236e-03     -2.01492e-03     -1.75237e+02       -2519.00        3523.50       2519       2580      -3523      -3469       2548.89      -3496.51          2586      1.15923e+00           2549.3          -3496.4             61.0             53.7            178.6 
        92       185     -4.37857e-17     -2.65039e-15      1.35748e+00       -2519.00        3534.50       2519       3022      -3534      -3469       2770.26      -3501.77         24162      4.14118e-14           2770.3          -3501.8            503.1             54.0            178.6 
        93       105     -1.03815e-03     -7.92025e-03     -7.34474e-01        -805.00        3283.50        805       1300      -3283      -3246       1050.66      -3264.48         13209      1.24029e+00           1052.5          -3264.7            495.3             33.5            179.5 
        93       123     -7.05145e-04      1.46478e-03      9.21149e+00       -1231.00        3283.50       1231       1314      -3283      -2500       1273.46      -2895.31         46121      1.22416e+00           1273.2          -2891.6            783.5             76.1            -90.6 
        93       124     -9.77351e-10     -1.05146e-08      4.45642e-01        -813.00        2313.50        813       1316      -2313      -2255       1064.36      -2284.29         27128      2.51861e-05           1064.4          -2284.3            503.0             54.0            179.5 
        93       134      1.08846e-02     -5.90326e-04      3.44500e+00        -805.00        3279.50        805        871      -3279      -2474        839.51      -2869.33         39667      1.33483e+00            838.2          -2876.9            805.2             63.1            -90.3 
        93       143      1.65736e-03     -6.47483e-04      2.26333e+01        -813.00        2333.50        813       1309      -2333      -2255       1061.19      -2294.63         29987      1.29714e+00           1061.1          -2294.6            496.5             74.6             -0.5 
        93       157      2.97856e-03      1.29456e-04      1.38391e+00       -1241.00        2553.50       1241       1316      -2553      -2259       1278.92      -2405.49         17127      1.23278e+00           1279.0          -2406.5            294.8             72.6             89.3 
        93       177     -2.80531e-03      3.29558e-04      2.38059e+01        -811.00        2528.50        811        873      -2527      -2255        841.68      -2390.94         13350      1.25618e+00            842.3          -2391.6            272.4             60.6             89.5 
        93       180     -5.64263e-05      2.07031e-03      2.66543e+01       -1230.00        2529.50       1230       1316      -2529      -2259       1273.12      -2393.09         18271      1.28783e+00           1273.6          -2394.3            270.5             83.8             89.3 
        93       183      3.56707e-18     -1.40242e-16     -8.39905e-01        -805.00        3283.50        805       1307      -3283      -3225       1056.28      -3254.37         22609      2.29595e-15           1056.0          -3254.5            502.5             54.0             -0.5 
        94        95     -1.86977e-03     -1.57175e-03     -5.59428e+00        -459.00        -643.50        459        586        643        894        522.25        771.53         25514      1.30480e+00            522.6            769.0            250.7            126.7             89.7 
        94       194      1.93076e-09      2.11586e-11     -1.37608e+00         -82.00        -643.50         82        585        643        698        333.64        671.02         27143      2.93432e-05            333.5            671.0            503.1             54.0             -0.1 
        95       119     -1.07326e-03      2.40354e-04     -9.72890e-01        -832.00         131.50        832        961       -131        693        897.05        284.87         84169      1.23342e+00            897.1            280.6            825.0            125.5            -90.4 
        95       122     -1.77782e-03     -9.06915e-04     -7.09984e-01        -839.00        -638.50        839        962        638        892        900.54        764.11         25576      1.16926e+00            900.8            765.5            123.1            253.1            179.5 
        95       194      3.10894e-03      1.16901e-04      4.23197e+00        -455.00         129.50        455        585       -129        697        520.95        255.36         78804      1.34140e+00            520.2            284.0            827.1            129.0            -90.1 
        96       111     -3.99297e-03     -4.76987e-04     -7.25928e-01          52.00        1575.50        -52         18      -1575      -1281        -17.55      -1429.09         16155      1.34713e+00            -17.0          -1428.5            294.0             70.0             90.0 
        96       125      1.23754e-03     -1.43141e-03     -2.29196e+00          52.00        1335.50        -52         17      -1335       -551        -18.31       -954.89         40100      1.48664e+00            -17.5           -943.5            784.0             69.0             90.0 
        96       126     -6.18863e-10     -1.24878e-08      2.36727e+00         485.00        1576.50       -485         18      -1576      -1521       -233.38      -1549.07         27096      2.65326e-05           -233.5          -1549.0            503.1             54.0              0.1 
        96       163     -1.55606e-03     -1.37334e-03     -2.34287e+00         486.00        1576.50       -486       -420      -1576      -1281       -453.82      -1430.00         15523      1.35208e+00           -453.0          -1429.0            295.0             66.0             90.0 
        96       174      1.52301e-03     -1.75791e-03      1.32175e+02         487.00        1103.50       -487       -160      -1103       -552       -321.57       -824.61        143684      1.27598e+00           -323.5           -828.0            551.0            327.0             90.0 
        96       217      6.53374e-04     -8.63948e-04      2.85689e+01         486.00        1576.50       -486          7      -1576      -1501       -237.35      -1539.39         29197      1.36338e+00           -239.4          -1538.9            493.0             74.3           -179.9 
        97       112     -1.36430e-09     -7.83591e-09      1.14961e+00       -1635.00       -3534.50       1635       2138       3534       3594       1886.04       3564.65         27119      2.55633e-05           1886.2           3564.6            503.1             54.0             -0.9 
        97       113      6.31297e-04     -5.20466e-04      5.49328e+00       -1622.00       -2769.50       1622       1749       2769       3594       1686.98       3180.53         78692      1.18992e+00           1685.9           3182.0            825.2            118.0            -90.7 
        97       115      2.18565e-03     -2.16757e-03     -1.41974e+01       -2000.00       -2564.50       2000       2126       2564       2818       2062.96       2691.09         25294      1.17543e+00           2062.8           2691.2            253.1            123.5            -90.9 
        97       158      4.28908e-10      1.45641e-09     -7.63289e-01       -1620.00       -2564.50       1620       2123       2564       2624       1871.56       2594.52         27118      2.89226e-05           1871.6           2594.5            503.1             54.0             -0.9 
        98       114      3.89558e-03      3.76750e-05     -2.93670e+01         491.00        3496.50       -491       -409      -3496      -3221       -450.18      -3359.13         18185      1.18704e+00           -450.0          -3359.0            275.0             82.0             90.0 
        98       116     -1.45462e-03     -1.35698e-03     -3.51449e+01         493.00        3274.50       -493       -410      -3274      -2472       -452.30      -2881.54         51716      1.25434e+00           -452.8          -2873.5            802.5             81.7            -89.7 
        98       126      7.55600e-04      2.39944e-04     -2.85029e+01         482.00        2546.50       -482          9      -2546      -2471       -239.94      -2509.39         29181      1.28505e+00           -236.5          -2509.0            491.2             74.2              0.1 
        98       137      2.56993e-04     -1.54390e-03     -1.01324e-01         493.00        3297.50       -493       -412      -3297      -2472       -452.90      -2890.07         52851      1.26501e+00           -452.5          -2885.0            825.2             80.0             90.1 
        98       145      2.37183e-03     -1.84828e-03     -3.59679e+01          55.00        3495.50        -55         11      -3495      -3222        -21.94      -3359.71         15172      1.27344e+00            -22.0          -3359.0            273.0             66.0             90.0 
        98       149      2.20707e-04      2.69999e-03     -1.81007e+01         480.00        3496.50       -480         11      -3496      -3462       -231.51      -3479.09         13492      1.20482e+00           -234.5          -3479.2            491.1             33.6           -179.9 
        98       172     -4.65077e-04     -1.19782e-03     -5.33929e+00          59.00        3495.50        -59         11      -3495      -3244        -23.99      -3368.58         14342      1.28563e+00            -24.0          -3370.0            251.0             70.0             90.0 
        98       211     -2.70597e-03     -3.91455e-04     -4.11857e+00          59.00        3297.50        -59         11      -3297      -2471        -23.25      -2889.75         46485      1.31079e+00            -24.0          -2884.5            826.0             70.0             90.0 
        98       217     -1.14025e-10      1.36300e-08     -1.80583e+00         493.00        2525.50       -493          9      -2525      -2471       -242.35      -2498.84         27054      2.90011e-05           -242.0          -2498.5             54.0            502.0             90.0 
        99       108      7.75706e-04     -4.06890e-04      1.41147e+02        1364.00        1105.50      -1364      -1282      -1105       -558      -1322.61       -831.04         33561      1.25880e+00          -1323.0           -831.8            547.4             78.8             90.6 
        99       132     -1.64726e-04     -7.57222e-04      3.56192e+01        1364.00        1561.50      -1364       -859      -1561       -554      -1111.63      -1056.40        401199      1.26378e+00          -1111.7          -1057.7           1003.5            497.0            -89.5 
        99       153     -3.71447e-04      5.02352e-04      3.77120e+01        1354.00        1581.50      -1354       -859      -1581      -1503      -1107.47      -1543.08         29534      1.26609e+00          -1106.5          -1542.8            495.6             74.6              0.5 
        99       156     -1.36839e-09     -1.25322e-10      1.92276e+00        1354.00        1581.50      -1354       -852      -1581      -1524      -1102.92      -1553.01         27093      3.05071e-05          -1103.0          -1553.0            502.5             54.0              0.6 
        99       163     -2.90533e-03      2.93119e-04     -2.86790e+00         924.00        1577.50       -924       -852      -1577      -1283       -887.50      -1430.96         16624      1.30585e+00           -887.9          -1430.6            294.3             71.2             90.3 
        99       175     -1.33704e-03     -6.65523e-04      1.36064e+02        1041.00        1103.50      -1041       -856      -1103       -554       -949.02       -830.43         79306      1.29197e+00           -949.3           -828.8            548.7            182.3             90.5 
        99       193     -1.14411e-03     -4.92549e-04      1.42516e+02        1364.00        1108.50      -1364       -904      -1108       -554      -1134.29       -831.00        199966      1.26226e+00          -1134.5           -831.5            550.5            455.7            -89.4 
        99       216     -3.41298e-03      1.27803e-03     -1.68950e+01        1356.00        1581.50      -1356      -1291      -1581      -1312      -1323.71      -1446.77         14010      1.28481e+00          -1323.7          -1447.1            269.6             63.6             90.6 
       100       121      1.36882e-09     -2.32182e-08     -2.24255e+00        1454.00       -3546.50      -1454       -950       3546       3597      -1205.62       3573.11         24943      2.79136e-05          -1202.0           3572.0             51.0            504.0             90.0 
       100       135      1.82429e-09     -1.84342e-08      1.83822e+00        1443.00       -2576.50      -1443       -941       2576       2634      -1192.06       2605.08         27119      3.04897e-05          -1192.0           2605.1            502.5             54.0           -179.4 
       101       111      3.41832e-03     -9.80014e-04      1.93931e+00        -386.00        1576.50        386        450      -1576      -1282        418.51      -1429.93         15466      1.25885e+00            418.0          -1429.5            294.0             64.0             90.0 
       101       124      4.20614e-03     -2.81045e-03     -6.13265e+00        -820.00        1578.50        820        890      -1578      -1285        854.41      -1430.61         16693      1.25144e+00            854.7          -1432.0            293.2             69.9            -90.3 
       101       125     -2.90071e-03      5.63313e-04      6.24459e+00        -387.00        1335.50        387        451      -1335       -553        419.93       -947.90         39505      1.28855e+00            419.7           -944.5            782.2             63.6            -90.2 
       101       143      1.97270e-03     -3.24891e-03      2.04395e+01        -814.00        1578.50        814        890      -1578      -1305        851.94      -1441.48         16420      1.27445e+00            851.9          -1442.2            273.0             75.4            -90.3 
       101       168      5.57638e-03     -8.98397e-04      2.04102e+01        -816.00        1359.50        816        894      -1359       -555        854.94       -964.83         46734      1.29167e+00            854.8           -957.5            804.4             74.4            -90.3 
       101       177      5.96043e-04      2.14255e-03      2.65692e+01        -386.00        1578.50        386        877      -1578      -1502        634.19      -1540.73         29418      1.27421e+00            631.5          -1540.6            490.9             75.1            179.7 
       101       202      1.88034e-03     -9.84809e-05     -8.54058e-01        -821.00        1339.50        821        894      -1339       -555        857.35       -955.19         43011      1.28858e+00            857.4           -947.4            784.1             69.5            -90.3 
       102       144     -1.76623e-17     -2.11810e-15     -2.14618e+00        -470.00       -2778.50        470        973       2778       2834        721.78       2806.48         23827      3.30638e-14            721.5           2806.4            503.3             54.0             -0.3 
       102       170      3.59704e-03     -1.06231e-02      2.36722e+01        -864.00       -3549.50        864        977       3549       3597        921.01       3573.91          4623      1.25171e+00            920.5           3573.5             48.0            113.0             90.0 
       102       200     -7.80968e-04     -3.35989e-04      7.13910e+00        -470.00       -2780.50        470        593       2780       3597        531.69       3189.85         79458      1.20162e+00            531.7           3189.1            817.2            121.2            -90.2 
       102       206      6.10006e-04     -5.76975e-04     -8.80965e+00        -857.00       -2778.50        857        977       2778       3597        918.13       3185.31         76880      1.21490e+00            917.9           3188.1            819.6            116.0            -90.4 
       103       105      3.99596e-03     -2.98006e-03     -1.78343e+01       -1217.00        3600.50       1217       1298      -3600      -3445       1258.20      -3523.31         10291      1.23944e+00           1257.5          -3523.0            155.0             81.0             90.0 
       103       123     -1.47829e-04      1.24998e-03     -1.87884e+01       -1228.00        3529.50       1228       1721      -3529      -3445       1473.85      -3487.85         30976      1.27727e+00           1474.6          -3487.6            492.5             78.4             -0.7 
       103       155      2.39045e-04     -4.46651e-04     -2.55627e+01       -1228.00        3600.50       1228       1720      -3600      -3470       1472.67      -3536.99         51071      1.25702e+00           1474.0          -3535.5            130.0            492.0             90.0 
       103       164     -3.53006e-03     -5.97819e-03     -3.32464e+01       -1650.00        3600.50       1650       1721      -3600      -3451       1685.05      -3528.61          8308      1.31739e+00           1685.3          -3526.0            149.8             70.0            -90.7 
       103       183      2.98573e-03     -1.86833e-03     -3.80299e+01       -1217.00        3600.50       1217       1305      -3600      -3445       1260.97      -3523.86         11215      1.29567e+00           1261.0          -3523.0            155.0             88.0             90.0 
       104       182     -8.22907e-03     -5.25998e-03      5.39896e+01       -3536.00       -2531.50       3536       3598       2531       2784       3568.26       2655.05         11851      1.25026e+00           3570.3           2658.3             62.1            252.2            178.5 
       104       192      1.70893e-03     -1.37168e-03      2.26302e+01       -3159.00       -2737.50       3159       3292       2737       3566       3225.88       3149.69         76330      1.27614e+00           3225.6           3152.3            827.6            114.3            -91.4 
       104       212      1.56260e-03      1.37667e-03      1.37930e+01       -3153.00       -2540.50       3153       3273       2540       2793       3213.88       2666.88         23243      1.24044e+00           3213.5           2667.4            115.0            250.9            178.5 
       105       123      5.51421e-03      4.04989e-03     -1.39064e+01       -1228.00        3523.50       1228       1300      -3523      -3250       1264.32      -3388.20         15487      1.21099e+00           1264.6          -3387.0            273.9             70.2             89.3 
       105       134      5.81892e-03     -3.27707e-03     -2.43438e+01        -796.00        3498.50        796        867      -3498      -3246        832.41      -3371.96         14408      1.31015e+00            831.8          -3372.4            252.3             70.5            -90.5 
       105       155     -4.94719e-03      7.19160e-04     -1.26079e+01       -1228.00        3600.50       1228       1298      -3600      -3470       1263.35      -3535.55          7543      1.24962e+00           1263.0          -3535.5            130.0             70.0             90.0 
       105       183      5.43266e-04      1.73512e-03     -1.98614e+01        -802.00        3600.50        802       1300      -3600      -3246       1049.85      -3424.85        141612      1.25446e+00           1051.0          -3425.3            354.8            496.3             89.5 
       106       151     -2.71902e-17     -4.67047e-16     -3.90137e-01       -3374.00        3550.50       3374       3598      -3550      -3490       3486.60      -3520.14         10896      7.32215e-15           3486.8          -3520.1            224.2             54.0            178.2 
       106       152     -2.40659e-17     -3.32687e-16      4.07898e-01       -3404.00        2579.50       3404       3598      -2579      -2520       3501.71      -2549.82         10317      5.25093e-15           3501.8          -2549.8            194.2             54.0             -1.8 
       106       207     -9.14708e-04     -1.45137e-03      1.44095e+01       -3381.00        3348.50       3381       3476      -3348      -2520       3428.87      -2934.89         48323      1.25869e+00           3428.4          -2934.5            827.8             74.1            -91.6 
       107       142     -5.99589e-03     -3.76145e-03     -1.91468e+01        3064.00        3537.50      -3064      -2976      -3537      -3285      -3019.74      -3410.93         15785      1.27899e+00          -3020.0          -3411.7            250.6             81.9             91.6 
       107       165     -1.46154e-03     -1.27273e-03     -2.12738e+01        2644.00        3328.50      -2644      -2560      -3328      -2502      -2602.50      -2917.20         45534      1.30489e+00          -2603.6          -2915.6            826.2             69.0            -88.6 
       107       187     -2.68970e-03     -1.38491e-03     -2.53652e+01        2629.00        3526.50      -2629      -2555      -3526      -3274      -2592.31      -3400.14         14564      1.35002e+00          -2592.4          -3400.6            252.1             69.8            -88.6 
       107       197     -1.12380e-03     -1.07706e-03      2.01028e+00        3081.00        3341.50      -3081      -2981      -3341      -2512      -3032.20      -2929.11         52332      1.26848e+00          -3033.2          -2926.6            827.9             81.9            -88.4 
       108       132      2.46266e-03     -8.85295e-04     -1.01447e+02        1371.00        1105.50      -1371      -1282      -1105       -537      -1326.02       -820.11         37904      1.22611e+00          -1326.1           -821.5            568.1             84.8             90.5 
       108       193     -3.18348e-04     -8.41493e-05      3.56639e+00        1415.00        1106.50      -1415      -1282      -1106       -279      -1347.90       -692.58         82688      1.19272e+00          -1348.0           -692.9            826.2            126.1             90.6 
       108       209      1.82772e-10      7.18106e-10     -1.26164e+00        1796.00         141.50      -1796      -1293       -141        -81      -1544.89       -111.34         27107      2.89361e-05          -1544.8           -111.3            503.0             54.0              0.8 
       108       215     -2.86585e-03      3.78229e-04     -1.55220e+02        1790.00        1111.50      -1790      -1740      -1111       -545      -1765.77       -828.02         19601      1.29501e+00          -1765.3           -828.5            565.7             43.6            -89.2 
       109       176      6.81141e-04      1.30843e-03      1.24234e+01        3365.00       -1764.50      -3365      -3216       1764       2590      -3290.70       2179.09         84542      1.15335e+00          -3290.9           2177.3            824.0            129.2             91.6 
       109       204      3.25426e-03      4.58197e-04      1.94393e+01        2976.00       -1774.50      -2976      -2842       1774       2601      -2909.36       2187.12         77085      1.15801e+00          -2909.6           2187.9            825.7            116.2             91.4 
       110       136      1.73821e-03      9.05743e-04      1.76880e+02        2683.00        1132.50      -2683      -2390      -1132       -555      -2542.58       -834.55        125148      1.34122e+00          -2537.1           -843.7            573.1            282.8            -88.7 
       110       215     -1.14369e-03     -7.51419e-04      8.75235e+00        2251.00        1380.50      -2251      -2165      -1380       -552      -2209.11       -962.13         47771      1.34569e+00          -2208.8           -966.4            827.1             73.8             91.1 
       111       125      4.44715e-10      1.11943e-08     -2.49595e-01          52.00        1335.50        -52        450      -1335      -1281        199.30      -1308.93         27027      2.99567e-05            199.0          -1308.5             54.0            502.0             90.0 
       111       126      2.59031e-03      6.81451e-04      3.48234e+00          54.00        2305.50        -54         19      -2305      -1521        -16.90      -1919.62         45005      1.24005e+00            -17.5          -1913.5            784.0             73.0             90.0 
       111       177      2.20043e-03      1.29320e-03      1.97258e+01        -370.00        2305.50        370        450      -2305      -1502        411.00      -1911.27         50375      1.27921e+00            410.3          -1904.0            803.2             79.1            -90.1 
       111       211      1.22401e-03      8.16749e-03      4.56571e+01          54.00        2305.50        -54        445      -2305      -2274        197.81      -2290.39         12456      1.24198e+00            195.5          -2290.0             31.0            499.0             90.0 
       111       217     -5.88597e-04      1.36203e-03      3.21716e+01          54.00        2305.50        -54         10      -2305      -1501        -22.38      -1905.43         40308      1.26658e+00            -22.0          -1903.5            804.0             64.0             90.0 
       112       113     -2.25360e-03      4.71418e-03     -9.37049e+00       -1635.00       -3540.50       1635       1749       3540       3597       1692.15       3569.10          5710      1.30723e+00           1692.0           3569.0             57.0            114.0             90.0 
       113       170      2.75069e-03     -1.05598e-02      4.56126e+01       -1247.00       -3545.50       1247       1367       3545       3597       1307.08       3571.91          5052      1.27083e+00           1307.0           3571.5             52.0            120.0             90.0 
       113       206     -1.38439e-03      2.05952e-03      6.44368e+00       -1237.00       -2773.50       1237       1367       2773       3597       1302.87       3182.87         81209      1.20314e+00           1301.7           3185.9            824.2            123.8            -90.5 
       114       116     -1.09902e-09     -3.98875e-09      1.12122e+00         913.00        3277.50       -913       -410      -3277      -3221       -661.18      -3249.37         27099      2.70946e-05           -661.4          -3249.4            503.1             54.0              0.3 
       114       137      1.53033e-03     -4.82455e-03      2.11212e+01         913.00        3300.50       -913       -412      -3300      -3221       -661.29      -3260.62         31139      1.21259e+00           -662.5          -3260.9            501.4             77.1           -179.7 
       114       139     -2.11161e-04      2.28466e-03      1.36093e+01         912.00        3600.50       -912       -832      -3600      -3464       -872.25      -3532.11          8676      1.26604e+00           -872.0          -3532.5            136.0             80.0             90.0 
       114       149     -2.83656e-03      7.62396e-04      5.11315e+00         481.00        3600.50       -481       -408      -3600      -3463       -444.28      -3530.91          8199      1.22595e+00           -444.5          -3532.0            137.0             73.0             90.0 
       114       186      7.01961e-04      2.74744e-03      4.74348e+01         912.00        3600.50       -912       -840      -3600      -3443       -876.75      -3522.77          8844      1.17462e+00           -876.2          -3522.3            157.2             71.9            -89.5 
       115       158     -8.50949e-04      8.23524e-04      1.43600e+01       -1986.00       -1792.50       1986       2123       1792       2619       2055.30       2205.83         82936      1.19480e+00           2055.3           2206.1            825.3            125.2            -91.0 
       115       203      7.60974e-18      4.22080e-16     -9.63684e-01       -1986.00       -1786.50       1986       2489       1786       1848       2238.27       1817.21         23239      6.57406e-15           2237.8           1817.1            503.1             54.0            179.0 
       115       205     -4.63952e-03     -2.95414e-04     -4.77780e+00       -2385.00       -2556.50       2385       2507       2556       2811       2445.29       2685.77         24423      1.22216e+00           2445.9           2684.1            253.3            118.5            -91.0 
       116       126      4.26874e-03      1.69215e-03      7.70939e+00         483.00        2546.50       -483       -414      -2546      -2251       -448.51      -2396.29         16549      1.24762e+00           -448.9          -2399.0            295.4             68.2            -89.7 
       116       137     -4.17636e-04      8.74611e-04      3.71126e+01         918.00        3277.50       -918       -412      -3277      -2274       -664.54      -2773.73        407473      1.24154e+00           -665.1          -2775.9           1001.3            502.4            -89.7 
       116       153      2.10866e-03      1.37536e-03      4.37116e+01         918.00        2527.50       -918       -850      -2527      -2253       -884.25      -2391.54         15021      1.26685e+00           -884.2          -2390.5            274.0             67.3             90.3 
       116       156     -3.61694e-03      9.45529e-04      1.85189e+00         918.00        2547.50       -918       -842      -2547      -2253       -880.52      -2402.33         17922      1.31161e+00           -880.3          -2400.6            294.2             75.0             90.3 
       116       163     -1.29330e-09      1.08193e-08      1.23023e+00         918.00        2307.50       -918       -416      -2307      -2251       -666.69      -2279.21         27090      2.96712e-05           -667.0          -2279.2            502.3             54.0              0.3 
       116       217      4.25434e-03      1.07944e-03      3.38123e+01         493.00        2525.50       -493       -414      -2525      -2251       -454.05      -2388.29         17636      1.22937e+00           -453.5          -2388.5            274.0             79.0             90.0 
       117       133     -1.03165e-03      4.42198e-03     -3.09849e+01         299.00       -3551.50       -299       -177       3551       3597       -238.31       3574.60          4807      1.20898e+00           -238.0           3574.5             46.0            122.0             90.0 
       118       128      3.24448e-17      1.51788e-18      9.93530e-01        3601.00         384.50      -3601      -3154       -384       -318      -3376.29       -351.80          9916      2.07874e-15          -3378.1           -351.8            447.5             54.0              1.6 
       118       166      2.18949e-03      9.69898e-04     -1.53184e+02        3559.00        1158.50      -3559      -3132      -1158       -574      -3344.76       -864.24        190194      1.26739e+00          -3346.1           -866.5            573.7            413.6             91.6 
       118       169      3.61318e-04      1.06469e-03     -1.60113e+02        3601.00        1160.50      -3601      -3483      -1160       -586      -3546.29       -877.25         51136      1.27688e+00          -3550.0           -873.5            118.3            571.1           -178.4 
       118       178      2.44745e-03     -3.95699e-04     -1.70141e+00        3290.00        1145.50      -3290      -3133      -1145       -318      -3211.99       -729.25         89751      1.20167e+00          -3211.9           -732.1            823.9            138.3             91.6 
       118       195     -8.34225e-04      1.05962e-03     -4.52382e-01        3601.00        1157.50      -3601      -3510      -1157       -329      -3561.43       -767.38         51662      1.16946e+00          -3555.5           -743.5            828.0             91.0             90.0 
       119       122     -4.89829e-10     -1.61349e-08     -8.01654e-01        -839.00        -635.50        839       1341        635        693       1090.26        664.29         27114      3.04989e-05           1090.0            664.3            502.5             54.0             -0.5 
       120       139     -5.83352e-03      2.94072e-03      2.54828e+01        1335.00        3600.50      -1335      -1265      -3600      -3468      -1299.93      -3535.03          7706      1.30173e+00          -1300.0          -3534.5            132.0             70.0             90.0 
       120       186     -3.90727e-03      1.29787e-03      5.33471e+01        1344.00        3600.50      -1344      -1265      -3600      -3447      -1304.32      -3524.40          9674      1.27261e+00          -1304.5          -3524.4            153.2             77.9            -89.3 
       120       188     -2.45714e-04     -1.18982e-03      6.73011e+00        1769.00        3600.50      -1769      -1699      -3600      -3455      -1733.90      -3528.54          8268      1.30798e+00          -1734.1          -3528.4            145.1             69.1             90.7 
       122       179      8.92856e-04     -1.89676e-03     -1.57037e+01       -1214.00        -833.50       1214       1350        833       1659       1282.81       1243.59         84638      1.21620e+00           1282.0           1246.7            826.0            129.1            -90.5 
       122       184      1.15478e-09     -1.15961e-08     -6.56156e-01        -847.00       -1605.50        847       1350       1605       1663       1098.57       1634.31         27113      2.66044e-05           1098.4           1634.3            503.0             54.0             -0.5 
       123       155      2.95969e-10      4.15794e-09     -2.73941e-01       -1228.00        3529.50       1228       1732      -3529      -3470       1480.69      -3499.77         27108      3.04909e-05           1480.2          -3499.8            504.1             54.0            179.3 
       123       157      9.32865e-10      1.57509e-08      9.08188e-02       -1241.00        2559.50       1241       1744      -2559      -2499       1492.60      -2529.63         27098      2.90020e-05           1492.7          -2529.6            503.1             54.0            179.3 
       123       164     -3.43559e-03     -2.01883e-03      3.96961e+00       -1651.00        3529.50       1651       1735      -3529      -3252       1692.95      -3389.32         17872      1.34927e+00           1692.9          -3390.8            277.1             81.4            -90.7 
       123       180      1.05126e-03      2.83150e-03      2.21499e+01       -1242.00        2534.50       1242       1733      -2534      -2500       1485.32      -2517.33         11887      1.33509e+00           1487.5          -2517.4            491.4             29.8             -0.7 
       123       183     -8.16402e-05     -5.66730e-04     -6.24253e+00       -1228.00        3524.50       1228       1307      -3524      -3229       1267.62      -3377.48         17808      1.22750e+00           1267.9          -3376.8            294.9             77.1            -90.6 
       123       190      5.05414e-04      3.70074e-04      5.14413e+00       -1655.00        3306.50       1655       1744      -3306      -2505       1700.30      -2909.37         50800      1.27394e+00           1699.3          -2905.8            801.1             80.6            -90.7 
       124       143     -1.55906e-04     -3.10433e-04      2.46583e+01        -813.00        2312.50        813       1318      -2312      -1305       1065.97      -1808.45        402161      1.28616e+00           1065.1          -1809.6           1003.6            497.9            -90.5 
       124       157     -2.31428e-03      6.79760e-06      7.45957e+00       -1244.00        2313.50       1244       1322      -2313      -1529       1283.94      -1925.70         44528      1.25780e+00           1284.2          -1921.5            783.4             71.8             89.4 
       124       159     -4.92389e-03      1.28053e-03      1.27764e+01       -1253.00        1583.50       1253       1324      -1583      -1289       1289.44      -1436.03         15958      1.27514e+00           1288.8          -1436.5            294.6             69.1            -90.6 
       124       168      1.31212e-04     -2.98526e-03      2.12170e+01        -821.00        1363.50        821       1318      -1363      -1285       1068.17      -1324.41         30504      1.29740e+00           1069.5          -1324.5            497.7             74.6            179.5 
       124       177     -2.83872e-03      2.80470e-03      2.89571e+01        -813.00        2309.50        813        877      -2309      -1504        845.20      -1910.19         38063      1.25342e+00            845.4          -1906.9            805.1             60.0             89.6 
       124       180     -2.11133e-03     -7.29603e-06      2.42235e+01       -1233.00        2313.50       1233       1322      -2313      -1505       1278.08      -1914.41         52875      1.27689e+00           1279.3          -1909.2            807.7             82.9             89.3 
       124       202     -1.40385e-11     -2.92022e-09     -1.59467e-01        -821.00        1342.50        821       1324      -1342      -1285       1072.62      -1314.25         27161      2.91992e-05           1072.5          -1314.3            503.5             54.0             -0.5 
       126       137     -2.13455e-03      1.50421e-03      3.59135e+01         483.00        2546.50       -483       -416      -2546      -2274       -449.10      -2407.94         14845      1.19682e+00           -449.5          -2410.5            272.0             67.0             90.0 
       126       163     -5.42641e-04     -1.72214e-03     -5.03663e+00         485.00        2304.50       -485       -416      -2304      -1522       -450.72      -1919.92         42697      1.22055e+00           -450.5          -1913.6            782.0             67.3             90.2 
       126       211     -4.53648e-03      1.09239e-04      2.56514e+01          58.00        2545.50        -58         20      -2545      -2274        -19.05      -2408.67         16673      1.31336e+00            -19.0          -2410.0            271.0             78.0             90.0 
       126       217     -9.11743e-05     -6.79971e-06      2.73986e+01         485.00        2525.50       -485         10      -2525      -1521       -239.00      -2026.78        398368      1.27553e+00           -237.1          -2024.0            493.7           1003.8              0.1 
       127       169      1.04302e-08     -9.02376e-09     -1.25909e+00        3601.00        1613.50      -3601      -3469      -1613      -1556      -3535.42      -1585.22          7107      2.89463e-05          -3535.6          -1585.1             54.0            132.4            -88.2 
       127       197     -2.99722e-03     -2.21748e-04     -8.52618e+00        3511.00        2581.50      -3511      -3439      -2581      -2327      -3475.17      -2459.12         13165      1.40851e+00          -3475.2          -2454.6            252.7             66.5             91.6 
       128       130      1.23272e-03      1.10921e-03      3.82762e+00        3601.00         186.50      -3601      -3541       -186        639      -3577.06        186.41         31949      1.14086e+00          -3571.0            226.5            826.0             60.0             90.0 
       128       178     -2.65614e-03     -2.08701e-03     -1.97848e+01        3295.00         375.50      -3295      -3154       -375       -118      -3224.81       -247.40         27441      1.18932e+00          -3224.8           -247.3            254.5            135.9             91.5 
       128       195      3.03269e-04     -1.21703e-03      1.83049e+00        3601.00         384.50      -3601      -3534       -384       -131      -3569.92       -258.78         12738      1.18843e+00          -3571.4           -258.3            252.1             67.0            -88.2 
       129       136      1.09343e-09     -1.35776e-08     -2.91750e+00        2910.00         363.50      -2910      -2407       -363       -299      -2658.72       -331.80         27138      2.92329e-05          -2658.8           -331.8            503.1             54.0              1.3 
       129       178     -9.72808e-04     -4.52888e-04     -9.85872e+00        2915.00         363.50      -2915      -2787       -363       -109      -2850.74       -237.49         24303      1.21639e+00          -2851.3           -236.8            123.0            252.7              1.4 
       129       189     -9.36826e-04     -1.89852e-03     -1.63306e+01        2563.00         155.50      -2563      -2412       -155        670      -2488.11        257.61         88978      1.17345e+00          -2488.4            257.1            824.3            136.1            -88.7 
       129       208     -7.86331e-10      2.13820e-08      1.21370e+00        2932.00        -605.50      -2932      -2429        605        670      -2680.44        638.03         27127      3.04461e-05          -2680.5            638.0            503.1             54.0              1.3 
       130       195      4.48499e-08      4.80541e-09      1.69873e+00        3601.00         186.50      -3601      -3541       -186       -131      -3571.51       -159.47          3235      2.90520e-05          -3571.5           -159.2             60.7             54.0              1.8 
       131       174     -5.70151e-10      9.22323e-09      1.15567e-01         665.00         330.50       -665       -163       -330       -275       -414.10       -302.85         27121      2.98981e-05           -414.0           -302.9            502.2             54.0              0.2 
       131       175     -3.17245e-04      5.59828e-04      6.54009e+00         667.00         330.50       -667       -541       -330        -76       -603.39       -203.27         26295      1.14320e+00           -603.9           -203.6            254.0            125.1            -89.6 
       132       153      7.79525e-10      8.07370e-10      4.92907e-01        1362.00        1561.50      -1362       -859      -1561      -1503      -1110.02      -1532.49         27113      2.62212e-05          -1110.3          -1532.5            503.0             54.0              0.5 
       132       156      6.78882e-04      5.11297e-04     -3.33672e+01        1354.00        1561.50      -1354       -859      -1561      -1524      -1108.40      -1542.74         13337      1.27130e+00          -1106.5          -1542.7            495.3             33.4           -179.5 
       132       163     -5.61222e-03     -1.11835e-04     -4.27013e+01         924.00        1557.50       -924       -859      -1557      -1283       -890.95      -1422.33         14095      1.26539e+00           -891.6          -1420.5            274.0             64.1             90.3 
       132       175     -6.08653e-04     -3.78402e-04      1.00564e+02        1042.00        1103.50      -1042       -863      -1103       -533       -953.31       -820.19         78542      1.24220e+00           -952.9           -818.6            569.3            175.2             90.5 
       132       193     -1.11163e-03      1.86324e-04      1.06667e+02        1371.00        1108.50      -1371       -904      -1108       -534      -1137.15       -821.89        214008      1.24433e+00          -1137.7           -821.2            571.2            461.8            -89.4 
       132       216     -4.05093e-04      1.39297e-03     -4.96901e+01        1363.00        1561.50      -1363      -1291      -1561      -1312      -1327.29      -1437.33         14236      1.29151e+00          -1327.6          -1436.9            249.2             70.8            -89.3 
       133       200      9.59823e-04      2.48087e-05     -1.99053e+00         -89.00       -2780.50         89        203       2780       3597        146.08       3188.89         76108      1.15173e+00            146.0           3189.0            817.0            114.0             90.0 
       134       145      1.41664e-02     -1.43613e-03     -2.41461e+01        -364.00        3495.50        364        448      -3495      -3222        405.97      -3360.95         18516      1.30746e+00            405.9          -3359.0            273.5             83.7            -90.3 
       134       172      9.67769e-03     -2.63033e-03      2.09644e+00        -364.00        3495.50        364        443      -3495      -3245        403.59      -3370.96         16139      1.24847e+00            403.5          -3370.5            250.0             79.0             90.0 
       134       177     -1.96538e-09      2.10991e-09      6.59740e+00        -369.00        2528.50        369        871      -2527      -2472        620.05      -2500.09         27139      2.84329e-05            620.0          -2500.1            502.3             54.0            179.7 
       134       183     -3.20000e-03      4.99009e-03      2.66968e+00        -803.00        3498.50        803        867      -3498      -3225        835.44      -3363.06         13981      1.22108e+00            835.3          -3362.0            273.0             63.7            -90.5 
       134       211      1.45483e-02      3.67423e-03      2.00093e+01        -365.00        3298.50        365        444      -3298      -2472        404.58      -2880.57         51791      1.31863e+00            405.1          -2885.5            826.2             78.4            -90.2 
       136       178      3.15128e-04     -5.10327e-04     -3.01915e+00        2910.00        1135.50      -2910      -2767      -1135       -308      -2839.05       -722.95         80472      1.20905e+00          -2840.1           -721.7            825.6            125.4            -88.5 
       137       153      3.16441e-03     -8.80465e-04      3.57288e+00         919.00        2527.50       -919       -850      -2527      -2276       -884.93      -2403.42         13944      1.22422e+00           -884.8          -2402.0            251.1             68.4             90.5 
       137       156     -8.26371e-04     -7.52535e-04     -3.53982e+01         919.00        2547.50       -919       -842      -2547      -2276       -880.99      -2413.37         16475      1.26205e+00           -880.9          -2412.1            271.4             76.1             90.4 
       137       163      8.67319e-04     -5.94674e-03     -4.74411e+01         918.00        2307.50       -918       -417      -2307      -2274       -661.27      -2290.70         12735      1.22506e+00           -667.5          -2290.8            501.2             31.1              0.3 
       137       217      2.93423e-03     -2.57330e-03     -1.06136e+01         493.00        2525.50       -493       -416      -2525      -2274       -454.38      -2400.09         16273      1.23152e+00           -454.5          -2400.0            251.0             77.0             90.0 
       139       186      1.50615e-04      5.79139e-04      3.35094e+01        1335.00        3600.50      -1335       -840      -3600      -3464      -1087.17      -3533.34         53860      1.24460e+00          -1087.5          -3532.5            136.0            495.0             90.0 
       140       160      1.17655e-09      1.36404e-08     -4.98377e-03       -2077.00        3523.50       2077       2580      -3523      -3460       2328.28      -3491.77         27137      2.97620e-05           2328.3          -3491.8            503.1             54.0            178.8 
       140       164     -2.42122e-04     -1.74888e-03      2.56691e+01       -2075.00        3600.50       2075       2154      -3600      -3460       2114.76      -3529.68          8452      1.18219e+00           2114.6          -3530.8            140.7             77.7            -90.9 
       140       185     -4.15605e-03      2.43365e-03      1.78164e+02       -2519.00        3523.50       2519       2580      -3523      -3469       2548.95      -3496.57          2604      1.15348e+00           2549.5          -3496.5             54.0             61.0             90.0 
       141       154      9.86385e-04      5.62012e-05     -1.37591e+01       -1933.00        1116.50       1934       2079      -1116       -290       2006.56       -704.71         88459      1.21490e+00           2006.9           -703.7            825.2            134.4             89.1 
       141       159     -1.23022e-03      3.38207e-04     -8.24125e+01       -1565.00        1115.50       1565       1768      -1115       -563       1666.74       -839.09         86240      1.26954e+00           1666.4           -839.4            197.2            549.9             -0.7 
       141       167      1.70416e-03     -1.20135e-04     -8.18707e+01       -1691.00        1119.50       1691       2075      -1119       -539       1882.67       -830.84        175270      1.29377e+00           1882.8           -829.4            377.7            575.9            179.1 
       142       197     -4.56805e-17      2.03071e-15     -2.54230e+00        3485.00        3352.50      -3485      -2981      -3352      -3285      -3233.10      -3319.22         25605      3.17808e-14          -3233.2          -3319.2            503.2             54.0           -178.4 
       143       157     -3.88602e-03      1.57072e-03     -1.26439e+01       -1244.00        2333.50       1244       1316      -2333      -1529       1280.73      -1937.23         42278      1.25001e+00           1280.9          -1931.8            804.1             65.5             89.4 
       143       159     -4.09160e-03      2.19770e-04     -1.47158e+01       -1253.00        1583.50       1253       1318      -1583      -1310       1286.48      -1447.38         13967      1.31879e+00           1285.9          -1447.0            273.6             63.2             89.4 
       143       168      4.34271e-10      1.03820e-08      2.09883e-01        -816.00        1363.50        816       1318      -1363      -1305       1066.95      -1334.72         27083      3.05102e-05           1067.0          -1334.7            502.5             54.0             -0.5 
       143       177     -3.38078e-03      2.64269e-03      3.95133e+00        -807.00        2329.50        807        877      -2329      -1504        842.48      -1922.82         43205      1.30373e+00            841.8          -1917.0            825.3             66.1            -90.3 
       143       180     -4.26950e-03      1.56778e-03      4.86004e+00       -1233.00        2333.50       1233       1316      -2333      -1505       1275.57      -1924.02         50598      1.30190e+00           1275.7          -1919.6            828.5             76.5            -90.7 
       143       202     -3.40922e-05     -1.82720e-03     -2.76502e+01        -821.00        1342.50        821       1318      -1342      -1305       1066.20      -1324.63         13832      1.33036e+00           1069.5          -1324.6            497.3             33.6             -0.5 
       144       184      2.93958e-03     -6.08552e-05     -9.43571e+00        -848.00       -1808.50        848        972       1808       2633        911.15       2219.63         78446      1.15778e+00            910.5           2220.7            825.0            120.4            -90.4 
       144       200      1.16759e-04      2.66895e-03      2.05306e-01        -469.00       -2584.50        469        591       2584       2834        528.89       2706.90         24445      1.15073e+00            530.1           2709.3            250.4            121.8             89.6 
       144       206      4.01579e-03      6.16000e-04     -1.34250e+01        -856.00       -2579.50        856        973       2579       2832        914.57       2704.91         23747      1.16791e+00            914.5           2706.0            253.0            117.0             90.0 
       145       149     -3.32472e-03     -6.75875e-05      1.79357e+00          55.00        3600.50        -55         22      -3600      -3462        -16.82      -3531.43          8960      1.19277e+00            -16.5          -3531.5            138.0             77.0             90.0 
       145       172     -1.42794e-04      5.33880e-04      3.02803e+01          55.00        3600.50        -55        443      -3600      -3244        194.76      -3423.83        143993      1.25746e+00            194.0          -3422.5            356.0            498.0             90.0 
       145       211     -1.70782e-04     -1.07353e-03      2.38517e+01          55.00        3298.50        -55        443      -3298      -3222        194.38      -3260.26         31013      1.25063e+00            194.0          -3260.5             76.0            498.0             90.0 
       146       181     -4.11423e-04     -2.40560e-05     -8.63606e+01       -2675.00        1139.50       2675       3090      -1139       -561       2882.25       -851.47        182638      1.25529e+00           2883.0           -850.5            403.1            568.9            178.6 
       146       198     -1.54295e-04     -5.86920e-05     -1.02427e+02       -3051.00        1139.50       3051       3090      -1139       -570       3072.09       -853.11         11384      1.33784e+00           3072.1           -855.3            569.3             26.5             88.4 
       146       199     -3.55715e-03     -6.64317e-04     -1.52819e+02       -2564.00        1583.50       2564       2638      -1583       -559       2602.02      -1082.94         43115      1.29591e+00           2603.1          -1071.5           1023.7             54.3             88.7 
       146       201      5.16217e-04     -9.12803e-04     -3.64092e+00       -3004.00        1397.50       3004       3090      -1397       -569       3048.12       -988.50         43225      1.25771e+00           3049.0           -983.4            826.7             67.5             88.4 
       146       210     -4.42638e-18     -3.11003e-16      4.39331e-01       -2564.00        1594.50       2564       3067      -1594      -1529       2815.93      -1561.88         25821      4.86630e-15           2816.0          -1561.9            503.1             54.0             -1.4 
       146       214     -8.91109e-03      4.91724e-03     -1.28451e+02       -2564.00        1583.50       2564       2619      -1583      -1529       2591.53      -1556.47          2242      1.37449e+00           2591.7          -1556.4             54.3             54.3             88.6 
       147       154      9.41087e-17     -1.26852e-17     -1.57990e+00       -1951.00         153.50       2061       2341       -151        -93       2201.70       -122.64          2301      1.35221e-15           2202.6           -122.7            503.0             54.0             -1.0 
       147       173      6.51015e-04      1.21178e-03     -8.11937e+00       -2327.00         153.50       2327       2468       -153        672       2398.45        261.26         84608      1.26477e+00           2397.2            259.4            825.0            127.7            -91.0 
       147       191     -1.37246e-03      2.22424e-03      1.42738e+01       -1965.00        -624.50       1965       2097        624        878       2030.42        753.27         25949      1.21170e+00           2031.3            751.1            128.9            253.1             -1.0 
       147       203     -2.09311e-09     -7.24026e-09      8.19392e-01       -1969.00        -816.50       1969       2472        816        878       2220.08        847.22         27116      2.66470e-05           2220.2            847.2            503.0             54.0            179.0 
       149       172     -8.01148e-04      7.85874e-05      2.67048e+01          60.00        3600.50        -60         22      -3600      -3462        -19.29      -3532.28          9391      1.23430e+00            -19.0          -3531.5            138.0             82.0             90.0 
       150       157     -5.77262e-05      5.50029e-04      2.91021e+00       -1676.00        2316.50       1676       1756      -2316      -1535       1716.11      -1930.64         44614      1.28286e+00           1715.9          -1925.9            781.5             71.6            -90.7 
       150       159      1.16869e-03      5.05488e-04      4.39254e-01       -1687.00        1589.50       1687       1759      -1589      -1292       1723.38      -1443.04         16266      1.32512e+00           1723.6          -1440.9            296.5             69.0             89.1 
       150       167      8.93348e-05      3.24770e-03      1.19927e+01       -1691.00        1373.50       1691       2190      -1373      -1292       1942.17      -1333.15         29488      1.27031e+00           1940.3          -1332.9            498.8             73.7            179.1 
       150       180     -1.04957e-03      2.89760e-04      2.07794e+01       -1676.00        2316.50       1676       1745      -2316      -1511       1710.99      -1917.74         38432      1.27712e+00           1710.6          -1913.8            805.5             60.5            -90.7 
       150       190     -3.05382e-04      6.54927e-03      2.22605e+01       -1676.00        2323.50       1676       2173      -2323      -2282       1925.04      -2302.84         13961      1.23909e+00           1924.5          -2302.9            497.6             34.5            179.1 
       150       199     -1.63249e-03     -9.89951e-04     -2.53037e+01       -2116.00        1574.50       2116       2194      -1574      -1299       2155.14      -1438.33         16563      1.32527e+00           2155.1          -1437.0            274.8             74.5            -91.0 
       150       214      2.12701e-03      4.85062e-04     -2.90828e+01       -2101.00        2323.50       2101       2190      -2323      -1520       2146.59      -1922.67         48775      1.28842e+00           2146.8          -1922.0            803.3             77.5            -91.1 
       152       207     -5.03896e-03     -1.44745e-03      2.80539e+01       -3404.00        2575.50       3404       3482      -2575      -2323       3443.20      -2450.81         14227      1.18743e+00           3443.4          -2449.6            250.6             71.2             88.2 
       152       213     -3.63821e-09     -1.97229e-09      1.99015e+00       -3434.00        1608.50       3434       3598      -1608      -1550       3516.63      -1579.59          8837      2.97467e-05           3516.8          -1579.5            164.2             54.0             -1.8 
       153       156      1.99913e-04      2.67133e-04     -3.48336e+01        1354.00        2531.50      -1354       -850      -2531      -1524      -1102.72      -2029.24        398680      1.27086e+00          -1102.3          -2027.8           1003.7            496.7            -89.5 
       153       163     -1.72917e-03     -7.44732e-04     -4.07299e+01         923.00        2307.50       -923       -852      -2307      -1503       -888.11      -1907.28         42237      1.28521e+00           -888.5          -1905.5            804.1             66.7            -89.4 
       153       216      6.25497e-04     -2.05849e-03     -5.43751e+01        1362.00        2336.50      -1362      -1281      -2336      -1507      -1322.26      -1927.14         48234      1.29711e+00          -1322.7          -1921.9            828.9             73.4            -89.3 
       154       167     -9.85959e-04      2.99820e-04     -6.42957e+01       -1933.00        1119.50       1934       2202      -1119       -543       2068.64       -832.10        120358      1.28572e+00           2068.2           -831.0            572.9            260.2             89.0 
       154       173      1.92259e-03      1.66578e-03     -9.47664e+00       -2323.00         353.50       2323       2454       -353        -98       2388.79       -227.42         25430      1.24814e+00           2388.7           -225.6            127.4            253.2            178.8 
       154       199     -2.55005e-04      1.00812e-04     -1.01321e+02       -2125.00        1123.50       2125       2446      -1123       -550       2285.38       -838.12        142062      1.30210e+00           2285.5           -837.0            311.4            568.8            179.0 
       155       164     -2.48252e-03     -7.87135e-04      6.87697e+00       -1650.00        3600.50       1650       1732      -3600      -3475       1691.04      -3539.26          8206      1.29807e+00           1691.0          -3538.0            125.0             82.0             90.0 
       155       183      5.50011e-03     -1.55675e-03     -1.65298e+01       -1228.00        3600.50       1228       1305      -3600      -3470       1266.70      -3535.13          8146      1.28414e+00           1266.5          -3535.5            130.0             77.0             90.0 
       156       163      2.83396e-03     -1.33164e-03     -2.27342e+00         922.00        2307.50       -922       -845      -2307      -1524       -884.06      -1918.46         44860      1.27719e+00           -884.8          -1915.8            783.4             73.9            -89.4 
       156       216      7.83043e-04     -3.02815e-03     -2.04257e+01        1354.00        2336.50      -1354      -1281      -2336      -1528      -1318.08      -1936.02         42637      1.28947e+00          -1319.2          -1932.2            808.2             66.7            -89.3 
       157       159     -1.95355e-09      1.17216e-09     -1.49081e-01       -1253.00        1589.50       1253       1756      -1589      -1529       1504.91      -1559.57         27089      2.97085e-05           1504.6          -1559.6            503.0             54.0             -0.7 
       157       180     -7.11690e-04      5.91458e-05      1.80158e+01       -1242.00        2534.50       1242       1745      -2534      -1529       1494.26      -2032.09        400278      1.28113e+00           1493.1          -2032.3            999.9            492.4            -90.7 
       157       190      1.47342e-03      5.58028e-04      3.82042e+00       -1667.00        2559.50       1667       1747      -2559      -2281       1707.86      -2419.71         17222      1.32033e+00           1706.9          -2420.7            277.0             77.4            -90.7 
       158       179      2.37782e-03      5.35277e-04     -3.56291e+00       -1605.00       -1599.50       1606       1728       1599       1853       1666.71       1727.24         25323      1.22366e+00           1666.8           1726.8            253.2            121.4            -90.7 
       158       191      2.01474e-09      7.95203e-09     -1.39397e+00       -1605.00       -1594.50       1605       2108       1594       1654       1856.99       1624.47         27106      3.04508e-05           1856.7           1624.5            503.4             54.0             -0.9 
       158       203     -1.42515e-03     -2.54830e-04     -1.13989e+01       -1983.00       -1594.50       1983       2111       1594       1848       2046.56       1721.17         25882      1.25906e+00           2047.3           1721.1            253.1            125.8            -91.0 
       159       167      1.65857e-03     -2.18554e-04      2.91168e+00       -1687.00        1366.50       1687       1768      -1366       -565       1728.11       -968.00         45670      1.29203e+00           1727.3           -965.7            801.0             72.3            -90.7 
       159       168      1.76604e-03     -9.69952e-04      1.68363e+01       -1256.00        1363.50       1256       1325      -1363       -559       1291.08       -962.77         39854      1.30418e+00           1291.3           -961.8            804.1             62.4            -90.6 
       159       180     -3.39798e-04      4.46037e-03      2.43469e+01       -1253.00        1589.50       1253       1745      -1589      -1505       1502.85      -1547.00         30560      1.23784e+00           1499.4          -1547.3            492.2             78.4            179.3 
       159       202      2.34607e-03      8.65078e-05     -8.05922e+00       -1256.00        1342.50       1256       1331      -1342       -559       1293.97       -951.94         41024      1.26916e+00           1294.4           -951.4            783.1             68.2            -90.7 
       160       164     -1.86823e-03     -2.12676e-03      2.77571e+01       -2077.00        3514.50       2077       2157      -3514      -3259       2117.64      -3389.07         15972      1.25924e+00           2117.2          -3386.9            255.2             77.4            -91.0 
       160       185     -2.06733e-03     -2.20850e-04      1.63453e+02       -2519.00        3523.50       2519       2599      -3523      -2499       2559.72      -3015.35         49059      1.22692e+00           2560.7          -3011.4           1023.9             61.0             88.6 
       160       190     -2.91772e-04      7.93464e-04      3.44535e+01       -2081.00        3313.50       2081       2170      -3313      -2490       2126.33      -2901.35         50034      1.26895e+00           2125.8          -2901.8            823.1             76.6            -91.0 
       160       210     -2.04921e-03      1.40628e-02      2.00028e+02       -2542.00        2553.50       2542       2599      -2553      -2499       2570.65      -2526.40          2452      1.08942e+00           2570.5          -2526.5             54.0             57.0             90.0 
       160       214      3.76135e-06      4.77692e-05     -3.89659e-01       -2096.00        2553.50       2131       2512      -2534      -2504       2321.50      -2519.50             4      6.70744e-16           2347.9          -2521.7            503.1             54.0            178.8 
       161       192      3.11726e-03      3.24430e-03     -2.67980e+01       -2789.00       -3518.50       2789       2909       3518       3597       2849.42       3558.39          7426      1.22269e+00           2849.0           3559.2             79.2            119.5            -91.2 
       161       205      4.73022e-09      1.11062e-08     -7.76263e-01       -2405.00       -3518.50       2405       2908       3518       3582       2656.98       3550.58         26710      3.02731e-05           2656.9           3550.6            503.1             54.0            178.8 
       162       189      6.67809e-10      2.23190e-08     -9.42174e-01        2566.00        -814.50      -2566      -2063        814        876      -2314.95        845.47         27131      2.80342e-05          -2315.0            845.5            503.0             54.0           -178.9 
       162       204     -7.07374e-04      2.28539e-03      1.20280e+01        2585.00       -1584.50      -2585      -2451       1584       1839      -2518.32       1712.57         26565      1.13726e+00          -2518.0           1711.9            253.9            130.5             91.1 
       162       208     -9.03469e-04      6.25432e-04      1.26511e+01        2581.00        -814.50      -2581      -2433        814       1639      -2508.30       1223.30         88197      1.16260e+00          -2507.4           1227.0            824.4            133.1             91.1 
       163       217      6.56880e-04      1.52332e-03      3.20582e+01         495.00        2304.50       -495       -416      -2304      -1502       -456.05      -1909.45         50504      1.25598e+00           -456.6          -1903.5            802.5             77.8            -89.7 
       164       190      2.92173e-18      1.42837e-16      1.36719e-01       -1655.00        3313.50       1655       2157      -3313      -3252       1905.74      -3282.76         26969      2.23036e-15           1906.0          -3282.8            502.9             54.0            179.0 
       165       187      3.41143e-18      1.70897e-16     -4.45190e-01        2629.00        3328.50      -2629      -2126      -3328      -3265      -2377.66      -3297.17         26314      2.84444e-15          -2377.4          -3297.2            503.1             54.0           -178.8 
       166       169     -5.14357e-03      2.52305e-04     -1.85354e+01        3559.00        1412.50      -3559      -3475      -1412       -586      -3517.71       -999.73         39709      1.32173e+00          -3517.7           -999.8            825.6             63.2             91.6 
       166       178      2.46265e-04     -1.57731e-03      1.51241e+02        3284.00        1145.50      -3284      -3042      -1145       -572      -3161.99       -857.49        104637      1.25203e+00          -3162.9           -858.7            568.1            228.8             91.5 
       166       195      1.54157e-03      7.41015e-04      1.69386e+02        3559.00        1155.50      -3559      -3510      -1155       -585      -3535.25       -871.68         15078      1.26488e+00          -3535.1           -870.3            570.6             35.5             91.6 
       167       199      4.30179e-03     -3.11136e-04     -4.48524e+01       -2120.00        1373.50       2120       2202      -1373       -550       2161.67       -962.31         45246      1.29191e+00           2161.1           -961.8            822.9             69.5            -91.0 
       168       202      1.26208e-04      7.67705e-04     -2.46103e+01        -821.00        1342.50        821       1325      -1342       -531       1072.96       -939.16        320334      1.29738e+00           1073.0           -937.5            807.6            498.3             89.5 
       169       195     -2.14517e-03      7.54685e-05      1.56325e+02        3601.00        1157.50      -3601      -3510      -1157       -587      -3559.95       -879.42         38019      1.22205e+00          -3555.5           -872.5            570.0             91.0             90.0 
       170       206     -2.07837e-09     -3.25987e-08      4.30572e-01        -864.00       -3545.50        864       1367       3545       3597       1119.09       3572.79         25313      3.04277e-05           1115.5           3571.5             52.0            503.0             90.0 
       171       173      6.16193e-04      1.34226e-03      1.75212e+01       -2699.00         162.50       2699       2847       -162        664       2773.61        250.88         87302      1.26690e+00           2772.7            251.0            131.1            825.7             -1.2 
       171       181      7.61433e-10      1.75782e-08     -3.54531e+00       -2699.00         171.50       2699       3202       -171       -106       2950.54       -139.29         27069      2.96726e-05           2950.5           -139.2            503.1             54.0             -1.4 
       172       211     -6.59524e-10      1.82296e-08     -1.19289e+00          59.00        3298.50        -59        443      -3298      -3244        192.26      -3271.76         27043      2.92911e-05            192.0          -3271.5             54.0            502.0             90.0 
       173       181      1.70597e-03     -2.10810e-03     -2.76338e+01       -2694.00         361.50       2694       2830       -361       -106       2762.08       -234.06         26131      1.24523e+00           2762.4           -234.0            252.6            131.7             88.6 
       174       175     -2.16860e-03     -1.58363e-05      5.06723e+00         665.00        1100.50       -665       -536      -1100       -276       -600.93       -684.89         84625      1.18325e+00           -601.6           -688.6            824.0            127.0            -89.6 
       175       193      6.71980e-04      2.25739e-04      7.13047e+00        1043.00        1103.50      -1043       -904      -1103       -276       -974.72       -689.43         87594      1.17510e+00           -974.6           -689.6            826.9            134.0             90.5 
       177       211     -3.52801e-03     -1.75763e-03      7.32607e+00        -369.00        2525.50        369        445      -2525      -2275        407.02      -2400.59         15672      1.25895e+00            407.0          -2400.5            250.0             76.0             90.0 
       179       184      3.32814e-04      1.72361e-03      1.37231e+01       -1223.00       -1605.50       1223       1351       1605       1858       1287.42       1731.31         25282      1.10982e+00           1287.6           1731.8            252.2            126.7             89.4 
       179       191     -2.01014e-03      1.07921e-03     -1.08826e+00       -1594.00        -829.50       1594       1726        829       1654       1660.10       1241.52         81663      1.20737e+00           1660.1           1241.9            825.1            123.1            -90.7 
       180       190      4.69052e-03      2.05480e-05     -1.97278e+01       -1667.00        2534.50       1667       1736      -2534      -2282       1702.11      -2407.78         13380      1.34628e+00           1701.5          -2408.5            252.8             66.2            -90.7 
       181       198      3.02781e-04      8.22921e-04     -1.53480e+01       -3051.00        1141.50       3051       3197      -1141       -312       3125.65       -727.42         81700      1.26729e+00           3125.7           -727.2            827.5            126.6             88.4 
       181       201      3.41972e-03     -2.42799e-04      7.57616e+01       -3012.00        1141.50       3012       3191      -1141       -566       3102.78       -853.10         75507      1.22740e+00           3101.3           -854.1            572.3            166.5            -91.4 
       184       206     -2.32629e-17     -2.25601e-15     -1.46484e+00        -856.00       -2575.50        856       1358       2575       2633       1106.86       2604.39         21840      3.52322e-14           1107.0           2604.4            502.5             54.0            179.5 
       185       207      1.68802e-03      1.59418e-03     -6.39689e+00       -2952.00        3336.50       2952       3045      -3336      -2509       2998.20      -2903.44         44375      1.34724e+00           2998.0          -2923.2            826.8             75.1            -91.3 
       185       210      1.25965e-11      1.86952e-09      3.67864e-01       -2542.00        2564.50       2592       3040      -2533      -2530       2810.77      -2531.96             0             -nan           2793.2          -2531.8             54.0            503.1            -91.4 
       185       214      1.69353e-03     -1.35179e-02     -1.97881e+02       -2542.00        2553.50       2542       2599      -2553      -2499       2570.59      -2526.37          2430      1.09086e+00           2570.5          -2526.5             54.0             57.0             90.0 
       187       188     -2.97586e-03      2.71250e-03      2.07471e+01        2203.00        3600.50      -2203      -2120      -3600      -3462      -2162.49      -3532.01          9424      1.38323e+00          -2161.9          -3532.1             81.9            138.2              1.0 
       189       208     -3.60952e-04      8.23331e-04      1.48371e+01        2566.00        -614.50      -2566      -2429        614        869      -2497.96        742.39         27669      1.15364e+00          -2498.0            742.0            253.9            133.6             91.2 
       190       214     -3.33661e-04      3.39380e-04     -3.06254e+01       -2096.00        2544.50       2096       2173      -2544      -2289       2135.25      -2415.88         15179      1.26715e+00           2135.3          -2416.8            255.2             73.8             88.9 
       191       203     -6.11774e-04     -8.06566e-04     -1.07343e+01       -1969.00        -822.50       1969       2108        822       1648       2039.30       1233.41         86053      1.23062e+00           2038.6           1236.0            825.3            128.2            -90.9 
       192       205      4.18870e-03     -1.36151e-03     -1.32056e+00       -2770.00       -2747.50       2770       2908       2747       3574       2841.30       3158.52         75284      1.36556e+00           2839.3           3160.8            825.8            122.0            -91.2 
       192       212      7.22500e-10      1.49095e-08     -1.42199e+00       -2770.00       -2737.50       2770       3273       2737       2802       3021.66       2770.35         27128      2.52089e-05           3021.6           2770.4            503.1             54.0            178.6 
       198       201     -1.34022e-03     -1.19952e-03      1.05072e+02       -3051.00        1151.50       3051       3529      -1151       -567       3291.98       -861.56        216002      1.24788e+00           3290.3           -859.7            463.1            573.0            178.4 
       198       213      8.97477e-04     -9.46958e-04      8.00645e+01       -3448.00        1153.50       3449       3569      -1152       -580       3509.06       -869.85         47940      1.24291e+00           3509.5           -867.0            106.0            570.4            178.3 
       199       210      9.32792e-03     -6.04562e-03      1.27995e+02       -2564.00        1583.50       2564       2619      -1583      -1529       2591.45      -1556.45          2209      1.36787e+00           2591.7          -1556.4             54.3             53.6            178.5 
       201       213      2.28128e-03      5.35888e-05     -2.51534e+01       -3440.00        1408.50       3440       3529      -1408       -580       3485.71       -991.96         43472      1.25151e+00           3486.0           -994.9            827.6             67.0             88.3 
       204       208      8.20889e-11     -9.48583e-09     -1.17657e+00        2954.00       -1575.50      -2954      -2451       1575       1639      -2702.33       1607.88         27130      2.48223e-05          -2702.2           1607.9            503.0             54.0              1.3 
       205       212      6.91081e-04      4.06393e-04     -1.08892e+01       -2765.00       -2548.50       2765       2892       2548       2802       2829.51       2674.96         25155      1.22337e+00           2828.9           2675.7            252.7            122.5             88.6 
       207       210      1.91606e-03      9.05219e-04      2.62220e+00       -2973.00        2564.50       2973       3049      -2564      -2312       3011.23      -2437.38         14158      1.20008e+00           3011.1          -2438.2            251.5             71.7            -91.4 
       210       214     -1.42684e-03      3.66751e-04     -1.55286e+02       -2542.00        2553.50       2542       2619      -2553      -1529       2580.84      -2051.57         45882      1.26464e+00           2580.4          -2041.4           1023.9             57.6            -91.2 
       211       217     -2.80988e-03      9.34438e-04      3.87807e+00          58.00        2524.50        -58          9      -2524      -2274        -23.93      -2398.97         13869      1.30234e+00            -24.5          -2399.5            250.0             67.0             90.0 
       215       216     -5.97301e-04      4.33191e-04     -4.96064e+00        1796.00        1569.50      -1796      -1732      -1569      -1317      -1764.95      -1444.11         12491      1.33602e+00          -1764.2          -1443.8            251.9             61.9             90.7 
